CRA_ID,CT_ID,RoleNm
1000,1,Billing
1002,15950001,Primary
1003,16000001,Primary
1004,16050001,Primary
1005,16100001,Primary
1006,16150001,Primary
1008,16250001,Primary
1009,16300001,Primary
1010,16350001,Primary
1011,16400001,Primary
1013,16500001,Primary
1015,16600001,Primary
1016,16650001,Primary
1018,16750001,Primary
1019,16800001,Primary
1020,16850001,Primary
1022,16950001,Primary
1023,17000001,Primary
1024,17050001,Primary
1026,17150001,Primary
1027,17200001,Primary
1028,17250001,Primary
1030,17350001,Primary
1031,17400001,Primary
1034,17550001,Primary
1035,17600001,Primary
1036,17650001,Primary
1038,17750001,Primary
1040,17850001,Primary
1041,17900001,Primary
1042,17950001,Primary
1043,18000001,Primary
1044,18050001,Primary
1045,18100001,Primary
1046,18150001,Primary
1047,18200001,Primary
1048,18250001,Primary
1049,18300001,Primary
1050,18350001,Primary
1051,18400001,Primary
1052,18450001,Primary
1053,18500001,Primary
1054,18550001,Primary
1055,18600001,Primary
1056,18650001,Primary
1057,18700001,Primary
1058,18750001,Primary
1059,18800001,Primary
1060,18850001,Primary
1061,18900001,Primary
1062,18950001,Primary
1063,19000001,Primary
1064,19050001,Primary
1066,19150001,Primary
1067,19200001,Primary
1068,19250001,Primary
1069,19300001,Primary
1070,19350001,Primary
1071,19400001,Primary
1072,19450001,Primary
1074,19550001,Primary
1075,19600001,Primary
1076,19650001,Primary
1077,19700001,Primary
1078,19750001,Primary
1079,19800001,Primary
1080,19850001,Primary
1081,19900001,Primary
1082,19950001,Primary
1083,20000001,Primary
1084,20050001,Primary
1085,20100001,Primary
1086,20150001,Primary
1087,20200001,Primary
1088,20250001,Primary
1089,20300001,Primary
1090,20350001,Primary
1091,20400001,Primary
1092,20450001,Primary
1093,20500001,Primary
1094,20550001,Primary
1095,20600001,Primary
1096,20650001,Primary
1097,20700001,Primary
1098,20750001,Primary
1099,20800001,Primary
1100,20850001,Primary
1101,20900001,Primary
1103,21000001,Primary
1104,21050001,Primary
1106,21150001,Primary
1107,21200001,Primary
1108,21250001,Primary
1109,21300001,Primary
1111,21400001,Primary
1112,21450001,Primary
1113,21500001,Primary
1114,21550001,Primary
1115,21600001,Primary
1116,21650001,Primary
1117,21700001,Primary
1118,21750001,Primary
1119,21800001,Primary
1120,21850001,Primary
1121,21900001,Primary
1122,21950001,Primary
1123,22000001,Primary
1124,22050001,Primary
1125,22100001,Primary
1126,22150001,Primary
1127,22200001,Primary
1128,22250001,Primary
1129,22300001,Primary
1130,22350001,Primary
1131,22400001,Primary
1132,22450001,Primary
1133,22500001,Primary
1134,22550001,Primary
1135,22600001,Primary
1136,22650001,Primary
1137,22700001,Primary
1138,22750001,Primary
1139,22800001,Primary
1140,22850001,Primary
1141,22900001,Primary
1142,22950001,Primary
1145,23100001,Primary
1146,23150001,Primary
1147,23200001,Primary
1148,23250001,Primary
1149,23300001,Primary
1150,23350001,Primary
1151,23400001,Primary
1152,23450001,Primary
1153,23500001,Primary
1154,23550001,Primary
1155,23600001,Primary
1156,23650001,Primary
1157,23700001,Primary
1158,23750001,Primary
1159,23800001,Primary
1160,23850001,Primary
1161,23900001,Primary
1162,23950001,Primary
1163,24000001,Primary
1164,24050001,Primary
1165,24100001,Primary
1166,24150001,Primary
1167,24200001,Primary
1168,24250001,Primary
1170,24350001,Primary
1171,24400001,Primary
1172,24450001,Primary
1173,24500001,Primary
1175,24600001,Primary
1176,24650001,Primary
1177,24700001,Primary
1179,24800001,Primary
1180,24850001,Primary
1181,24900001,Primary
1182,24950001,Primary
1184,25050001,Primary
1185,25100001,Primary
1186,25150001,Primary
1188,25250001,Primary
1189,25300001,Primary
1191,25400001,Primary
1192,25450001,Primary
1193,25500001,Primary
1194,25550001,Primary
1195,25600001,Primary
1196,25650001,Primary
1197,25700001,Primary
1198,25750001,Primary
1199,25800001,Primary
1200,25850001,Primary
1201,25900001,Primary
1202,25950001,Primary
1203,26000001,Primary
1204,26050001,Primary
1205,26100001,Primary
1207,26200001,Primary
1208,26250001,Primary
1209,26300001,Primary
1210,26350001,Primary
1211,26400001,Primary
1212,26450001,Primary
1213,26500001,Primary
1214,26550001,Primary
1215,26600001,Primary
1216,26650001,Primary
1217,26700001,Primary
1218,26750001,Primary
1219,26800001,Primary
1220,26850001,Primary
1221,26900001,Primary
1222,26950001,Primary
1223,27000001,Primary
1224,27050001,Primary
1225,27100001,Primary
1226,27150001,Primary
1227,27200001,Primary
1228,27250001,Primary
1229,27300001,Primary
1230,27350001,Primary
1231,27400001,Primary
1232,27450001,Primary
1233,27500001,Primary
1234,27550001,Primary
1235,27600001,Primary
1236,27650001,Primary
1237,27700001,Primary
1238,27750001,Primary
1240,27850001,Primary
1241,27900001,Primary
1242,27950001,Primary
1243,28000001,Primary
1244,28050001,Primary
1245,28100001,Primary
1246,28150001,Primary
1247,28200001,Primary
1248,28250001,Primary
1249,28300001,Primary
1250,28350001,Primary
1251,28400001,Primary
1252,28450001,Primary
1253,28500001,Primary
1254,28550001,Primary
1255,28600001,Primary
1256,28650001,Primary
1257,28700001,Primary
1259,28800001,Primary
1260,28850001,Primary
1262,28950001,Primary
1263,29000001,Primary
1264,29050001,Primary
1265,29100001,Primary
1266,29150001,Primary
1268,29250001,Primary
1269,29300001,Primary
1270,29350001,Primary
1271,29400001,Primary
1272,29450001,Primary
1273,29500001,Primary
1274,29550001,Primary
1275,29600001,Primary
1276,29650001,Primary
1278,29750001,Primary
1280,29850001,Primary
1281,29900001,Primary
1282,29950001,Primary
1283,30000001,Primary
1284,30050001,Primary
1285,30100001,Primary
1287,30200001,Primary
1288,30250001,Primary
1289,30300001,Primary
1290,30350001,Primary
1291,30400001,Primary
1292,30450001,Primary
1293,30500001,Primary
1295,30600001,Primary
1296,30650001,Primary
1297,30700001,Primary
1298,30750001,Primary
1299,30800001,Primary
1300,30850001,Primary
1301,30900001,Primary
1302,30950001,Primary
1303,31000001,Primary
1304,31050001,Primary
1305,31100001,Primary
1308,31250001,Primary
1309,31300001,Primary
1310,31350001,Primary
1311,31400001,Primary
1312,31450001,Primary
1313,31500001,Primary
1314,31550001,Primary
1316,31650001,Primary
1317,31700001,Primary
1319,31800001,Primary
1320,31850001,Primary
1321,31900001,Primary
1325,32100001,Primary
1328,32250001,Primary
1329,32300001,Primary
1331,32400001,Primary
1332,32450001,Primary
1333,32500001,Primary
1336,32650001,Primary
1337,32700001,Primary
1340,32850001,Primary
1341,32900001,Primary
1342,32950001,Primary
1344,33050001,Primary
1345,33100001,Primary
1346,33150001,Primary
1347,33200001,Primary
1351,33400001,Primary
1353,33500001,Primary
1354,33550001,Primary
1355,33600001,Primary
1356,33650001,Primary
1357,33700001,Primary
1359,33800001,Primary
1360,33850001,Primary
1362,33950001,Primary
1365,34100001,Primary
1366,34150001,Primary
1368,34250001,Primary
1369,34300001,Primary
1370,34350001,Primary
1371,34400001,Primary
1373,34500001,Primary
1374,34550001,Primary
1375,34600001,Primary
1376,34650001,Primary
1380,34850001,Primary
1381,34900001,Primary
1383,35000001,Primary
1384,35050001,Primary
1385,35100001,Primary
1387,35200001,Primary
1388,35250001,Primary
1390,35350001,Primary
1392,35450001,Primary
1395,35600001,Primary
1396,35650001,Primary
1398,35750001,Primary
1399,35800001,Primary
1400,35850001,Primary
1401,35900001,Primary
1403,36000001,Primary
1406,36150001,Primary
1409,36300001,Primary
1410,36350001,Primary
1412,36450001,Primary
1418,36750001,Primary
1419,36800001,Primary
1420,36850001,Primary
1421,36900001,Primary
1422,36950001,Primary
1423,37000001,Primary
1424,37050001,Primary
1425,37100001,Primary
1430,37350001,Primary
1432,37450001,Primary
1434,37550001,Primary
1435,37600001,Primary
1436,37650001,Primary
1437,37700001,Primary
1438,37750001,Primary
1439,37800001,Primary
1440,37850001,Primary
1441,37900001,Primary
1442,37950001,Primary
1443,38000001,Primary
1445,38100001,Primary
1446,38150001,Primary
1447,38200001,Primary
1448,38250001,Primary
1449,38300001,Primary
1451,38400001,Primary
1452,38450001,Primary
1453,38500001,Primary
1454,38550001,Primary
1455,38600001,Primary
1456,38650001,Primary
1457,38700001,Primary
1458,38750001,Primary
1459,38800001,Primary
1460,38850001,Primary
1463,39000001,Primary
1464,39050001,Primary
1465,39100001,Primary
1469,39300001,Primary
1470,39350001,Primary
1471,39400001,Primary
1472,39450001,Primary
1473,39500001,Primary
1474,39550001,Primary
1476,39650001,Primary
1477,39700001,Primary
1478,39750001,Primary
1479,39800001,Primary
1481,40150001,Collections
1484,40300001,Collections
1485,40350001,Collections
1487,40450001,Collections
1488,40500001,Collections
1491,40650001,Collections
1492,40700001,Collections
1493,40750001,Collections
1494,40800001,Collections
1495,40850001,Collections
1496,40900001,Collections
1497,40950001,Collections
1498,41000001,Collections
1499,41050001,Collections
1500,41100001,Collections
1502,41200001,Collections
1503,41250001,Collections
1505,41350001,Collections
1507,41450001,Collections
1510,41600001,Collections
1511,41650001,Collections
1512,41700001,Collections
1513,41750001,Collections
1514,41800001,Collections
1515,41850001,Collections
1518,42000001,Collections
1519,42050001,Collections
1520,42100001,Collections
1521,42150001,Collections
1522,42200001,Collections
1523,42250001,Collections
1524,42300001,Collections
1525,42350001,Collections
1526,42400001,Collections
1527,42450001,Collections
1528,42500001,Collections
1529,42550001,Collections
1531,42650001,Collections
1532,42700001,Collections
1533,42750001,Collections
1535,42850001,Collections
1537,42950001,Collections
1538,43000001,Collections
1541,43150001,Collections
1542,43200001,Collections
1546,43400001,Collections
1547,43450001,Collections
1548,43500001,Collections
1549,43550001,Collections
1550,43600001,Collections
1551,43650001,Collections
1552,43700001,Collections
1553,43750001,Collections
1554,43800001,Collections
1555,43850001,Collections
1556,43900001,Collections
1557,43950001,Collections
1558,44000001,Collections
1559,44050001,Collections
1560,44100001,Collections
1561,44150001,Collections
1562,44200001,Collections
1565,44350001,Collections
1566,44400001,Collections
1567,44450001,Collections
1568,44500001,Collections
1569,44550001,Collections
1571,44650001,Collections
1573,44750001,Collections
1575,44850001,Collections
1576,44900001,Collections
1580,45100001,Collections
1581,45150001,Collections
1582,45200001,Collections
1584,45300001,Collections
1587,45450001,Collections
1588,45500001,Collections
1589,45550001,Collections
1590,45600001,Collections
1591,45650001,Collections
1592,45700001,Collections
1593,45750001,Collections
1594,45800001,Collections
1595,45850001,Collections
1598,46000001,Collections
1599,46050001,Collections
1600,46100001,Collections
1601,46150001,Collections
1602,46200001,Collections
1603,46250001,Collections
1604,46300001,Collections
1605,46350001,Collections
1606,46400001,Collections
1607,46450001,Collections
1608,46500001,Collections
1609,46550001,Collections
1610,46600001,Collections
1611,46650001,Collections
1612,46700001,Collections
1613,46750001,Collections
1614,46800001,Collections
1615,46850001,Collections
1617,46950001,Collections
1619,47050001,Collections
1620,47100001,Collections
1621,47150001,Collections
1624,47300001,Collections
1626,47400001,Collections
1627,47450001,Collections
1628,47500001,Collections
1629,47550001,Collections
1630,47600001,Collections
1631,47650001,Collections
1632,47700001,Collections
1637,48050001,RR
1638,47200001,Collections
1639,48100001,Billing
1643,48200001,Billing
1644,48200001,RR
1645,48250001,Freight
1648,48400001,Freight
1649,48400001,Ship / Del Appt
1650,47350001,Collections
1651,47350001,Billing
1653,48500001,Billing
1655,48700001,Sales
1656,48800001,Admin:Pics/Docs
1657,48850001,Admin:Pics/Docs
1662,48950001,Freight
1664,49100001,Admin:Pics/Docs
1669,49150001,Billing
1672,37400001,Billing
1677,19100001,Primary
1679,41500001,Collections
1680,26150001,Primary
1683,36250001,Primary
1684,45250001,Collections
1687,49500001,Billing
1690,49600001,Admin:Pics/Docs
1691,46900001,Collections
1692,49350001,Pricing
1693,49700001,Admin:Pics/Docs
1694,36700001,Primary
1695,39200001,Primary
1701,19500001,Primary
1706,49750001,Owner
1707,23000001,Primary
1708,41150001,Collections
1734,13300001,Admin:Pics/Docs
1735,13300001,Ship / Del Appt
1737,39250001,Primary
1738,38050001,Primary
1743,33000001,Primary
1744,32000001,Primary
1745,32800001,Primary
1754,45950001,Admin:Pics/Docs
1756,49900001,DM
1764,50050001,DM
1765,50100001,Operations Mgr
1766,50150001,DM
1769,50250001,DM
1774,48300001,Sales
1776,50450001,DM
1777,50400001,DM Assistant
1778,50400001,Admin:Pics/Docs
1779,50500001,DM
1783,50550001,Admin:Pics/Docs
1784,50550001,DM
1785,50600001,Primary
1786,50650001,Sales
1787,50700001,DM
1788,25200001,Primary
1789,50750001,Admin:Pics/Docs
1790,50750001,Pricing
1791,50800001,Admin:Pics/Docs
1797,51100001,Operations Mgr
1799,49550001,Pricing
1800,45000001,Collections
1801,51150001,DM
1805,51250001,Operations Mgr
1806,49300001,Admin:Pics/Docs
1807,49300001,Primary
1809,32550001,Primary
1812,51350001,Ship / Del Appt
1813,51400001,Owner
1814,51450001,Ship / Del Appt
1821,51550001,Admin:Pics/Docs
1822,51500001,DM
1823,51500001,Sales
1825,51700001,DM
1826,51650001,Sales
1828,51800001,Sales
1829,51850001,Admin:Pics/Docs
1834,15950001,Primary
1835,16000001,Primary
1836,16050001,Primary
1837,16100001,Primary
1838,16150001,Primary
1840,16250001,Primary
1841,16300001,Primary
1842,16350001,Primary
1843,16400001,Primary
1845,16500001,Primary
1847,16600001,Primary
1848,16650001,Primary
1849,16750001,Primary
1850,16800001,Primary
1851,16850001,Primary
1853,16950001,Primary
1854,17000001,Primary
1855,17050001,Primary
1857,17150001,Primary
1858,17200001,Primary
1859,17250001,Primary
1861,17350001,Primary
1862,17400001,Primary
1865,17550001,Primary
1866,17600001,Primary
1867,17650001,Primary
1869,17750001,Primary
1871,17850001,Primary
1872,17900001,Primary
1873,17950001,Primary
1874,18000001,Primary
1875,18050001,Primary
1876,18100001,Primary
1877,18150001,Primary
1878,18200001,Primary
1879,18250001,Primary
1880,18300001,Primary
1881,18350001,Primary
1882,18400001,Primary
1883,18450001,Primary
1884,18500001,Primary
1885,18550001,Primary
1886,18600001,Primary
1887,18650001,Primary
1888,18700001,Primary
1889,18750001,Primary
1890,18800001,Primary
1891,18850001,Primary
1892,18900001,Primary
1893,18950001,Primary
1894,19000001,Primary
1895,19050001,Primary
1896,19100001,Primary
1897,19150001,Primary
1898,19200001,Primary
1899,19250001,Primary
1900,19300001,Primary
1901,19350001,Primary
1902,19400001,Primary
1903,19450001,Primary
1904,19550001,Primary
1905,19600001,Primary
1906,19650001,Primary
1907,19700001,Primary
1908,19750001,Primary
1909,19800001,Primary
1910,19850001,Primary
1911,19900001,Primary
1912,19950001,Primary
1913,20000001,Primary
1914,20050001,Primary
1915,20100001,Primary
1916,20150001,Primary
1917,20200001,Primary
1918,20250001,Primary
1919,20300001,Primary
1920,20350001,Primary
1921,20400001,Primary
1922,20450001,Primary
1923,20500001,Primary
1924,20550001,Primary
1925,20600001,Primary
1926,20650001,Primary
1927,20700001,Primary
1928,20750001,Primary
1929,20800001,Primary
1930,20850001,Primary
1931,20900001,Primary
1933,21000001,Primary
1934,21050001,Primary
1936,21150001,Primary
1937,21200001,Primary
1938,21250001,Primary
1939,21300001,Primary
1941,21400001,Primary
1942,21450001,Primary
1943,21500001,Primary
1944,21550001,Primary
1945,21600001,Primary
1946,21650001,Primary
1947,21700001,Primary
1948,21750001,Primary
1949,21800001,Primary
1950,21850001,Primary
1951,21900001,Primary
1952,21950001,Primary
1953,22000001,Primary
1954,22050001,Primary
1955,22100001,Primary
1956,22150001,Primary
1957,22200001,Primary
1958,22250001,Primary
1959,22300001,Primary
1960,22350001,Primary
1961,22400001,Primary
1962,22450001,Primary
1963,22500001,Primary
1964,22550001,Primary
1965,22600001,Primary
1966,22650001,Primary
1967,22700001,Primary
1968,22750001,Primary
1969,22800001,Primary
1970,22900001,Primary
1971,22950001,Primary
1973,23100001,Primary
1974,23150001,Primary
1975,23200001,Primary
1976,23250001,Primary
1977,23300001,Primary
1978,23350001,Primary
1979,23400001,Primary
1980,23450001,Primary
1981,23500001,Primary
1982,23550001,Primary
1983,23600001,Primary
1984,23650001,Primary
1985,23700001,Primary
1986,23750001,Primary
1987,23800001,Primary
1988,23850001,Primary
1989,23900001,Primary
1990,23950001,Primary
1991,24000001,Primary
1992,24050001,Primary
1993,24100001,Primary
1994,24150001,Primary
1995,24200001,Primary
1996,24250001,Primary
1998,24350001,Primary
1999,24400001,Primary
2000,24450001,Primary
2001,24500001,Primary
2003,24600001,Primary
2004,24650001,Primary
2005,24700001,Primary
2007,24800001,Primary
2008,24850001,Primary
2009,24900001,Primary
2010,24950001,Primary
2012,25050001,Primary
2013,25100001,Primary
2014,25150001,Primary
2015,25200001,Primary
2016,25250001,Primary
2017,25300001,Primary
2019,25400001,Primary
2020,25450001,Primary
2021,25500001,Primary
2022,25550001,Primary
2023,25600001,Primary
2024,25650001,Primary
2025,25700001,Primary
2026,25750001,Primary
2027,25800001,Primary
2028,25850001,Primary
2029,25900001,Primary
2030,25950001,Primary
2031,26000001,Primary
2032,26050001,Primary
2033,26100001,Primary
2034,26150001,Primary
2035,26200001,Primary
2036,26250001,Primary
2037,26300001,Primary
2038,26350001,Primary
2039,26400001,Primary
2040,26450001,Primary
2041,26500001,Primary
2042,26550001,Primary
2043,26600001,Primary
2044,26650001,Primary
2045,26700001,Primary
2046,26750001,Primary
2047,26800001,Primary
2048,26850001,Primary
2049,26900001,Primary
2050,26950001,Primary
2051,27000001,Primary
2052,27050001,Primary
2053,27100001,Primary
2054,27150001,Primary
2055,27200001,Primary
2056,27250001,Primary
2057,27300001,Primary
2058,27350001,Primary
2059,27400001,Primary
2060,27450001,Primary
2061,27500001,Primary
2062,27550001,Primary
2063,27600001,Primary
2064,27650001,Primary
2065,27700001,Primary
2066,27750001,Primary
2068,27850001,Primary
2069,27900001,Primary
2070,27950001,Billing
2071,28000001,Billing
2072,28050001,Billing
2073,28100001,Billing
2074,28150001,Billing
2075,28200001,Billing
2076,28250001,Billing
2077,28300001,Billing
2078,28350001,Billing
2079,28400001,Billing
2080,28450001,Billing
2081,28500001,Billing
2082,28550001,Billing
2083,28600001,Billing
2084,28650001,Billing
2085,28700001,Billing
2087,28800001,Billing
2088,28850001,Billing
2090,28950001,Billing
2091,29000001,Billing
2092,29050001,Billing
2093,29100001,Billing
2094,29150001,Billing
2096,29250001,Billing
2097,29300001,Billing
2098,29350001,Billing
2099,29400001,Billing
2100,29450001,Billing
2101,29500001,Billing
2102,29550001,Billing
2103,29600001,Billing
2104,29650001,Billing
2106,29750001,Billing
2108,29850001,Billing
2109,29900001,Billing
2110,29950001,Billing
2111,30000001,Billing
2112,30050001,Billing
2113,30100001,Billing
2115,30200001,Billing
2116,30250001,Billing
2117,30300001,Billing
2118,30350001,Billing
2119,30400001,Billing
2121,30700001,Collections
2122,30750001,Collections
2123,30850001,Collections
2124,30900001,Collections
2125,30950001,Collections
2126,31050001,Collections
2129,31250001,Collections
2130,31300001,Collections
2131,31350001,Collections
2132,31400001,Collections
2133,31450001,Collections
2135,31650001,Collections
2136,31700001,Collections
2138,31800001,Collections
2139,31850001,Collections
2140,31900001,Collections
2142,32000001,Collections
2144,32100001,Collections
2147,32250001,Collections
2148,32300001,Collections
2150,32400001,Collections
2151,32500001,Collections
2152,32550001,Collections
2154,32650001,Collections
2155,32700001,Collections
2157,32800001,Collections
2158,32850001,Collections
2159,32900001,Collections
2160,32950001,Collections
2161,33000001,Collections
2162,33050001,Collections
2163,33100001,Collections
2164,33150001,Collections
2165,33200001,Collections
2169,33400001,Collections
2171,33500001,Collections
2172,33550001,Collections
2173,33600001,Collections
2174,33650001,Collections
2175,33700001,Collections
2177,33800001,Collections
2178,33850001,Collections
2180,33950001,Collections
2183,34100001,Collections
2184,34150001,Collections
2186,34250001,Collections
2187,34300001,Collections
2188,34350001,Collections
2189,34400001,Collections
2191,34500001,Collections
2192,34550001,Collections
2193,34600001,Collections
2194,34650001,Collections
2198,34850001,Collections
2199,34900001,Collections
2201,35000001,Collections
2202,35050001,Collections
2203,35100001,Collections
2204,35200001,Collections
2205,35250001,Collections
2207,35350001,Collections
2209,35450001,Collections
2212,35600001,Collections
2213,35650001,Collections
2215,35750001,Collections
2216,35800001,Collections
2217,35850001,Collections
2218,35900001,Collections
2220,36000001,Collections
2223,36150001,Collections
2225,36250001,Collections
2226,36300001,Collections
2227,36350001,Collections
2229,36450001,Collections
2234,36700001,Collections
2235,36750001,Collections
2236,36800001,Collections
2237,36850001,Collections
2238,36900001,Collections
2239,36950001,Collections
2240,37000001,Collections
2241,37050001,Collections
2242,37100001,Collections
2247,37350001,Collections
2248,37600001,Pricing
2249,37650001,Pricing
2250,37700001,Pricing
2251,37750001,Pricing
2252,37800001,Pricing
2253,37850001,Pricing
2254,37900001,Pricing
2255,37950001,Pricing
2256,38000001,Pricing
2257,38050001,Pricing
2258,38100001,Pricing
2259,38150001,Pricing
2260,38200001,Pricing
2261,38250001,Pricing
2262,38300001,Pricing
2264,38400001,Pricing
2265,38450001,Pricing
2266,38500001,Pricing
2267,38550001,Pricing
2269,52100001,Primary
2273,52300001,Primary
2274,52350001,Primary
2275,52400001,Primary
2276,52450001,Primary
2277,52500001,Collections
2278,52550001,Primary
2280,52650001,Billing
2281,52700001,Billing
2284,52850001,Collections
2285,52900001,Collections
2286,52950001,Collections
2287,53000001,Collections
2288,53050001,Collections
2290,53150001,Primary
2292,53250001,Billing
2293,53300001,Primary
2294,53350001,Collections
2296,53450001,Primary
2297,53500001,Collections
2298,53550001,Collections
2299,53600001,Primary
2300,53650001,Primary
2301,53700001,Collections
2302,53750001,Collections
2303,53800001,Primary
2305,53900001,Collections
2306,53950001,Collections
2307,54000001,Primary
2308,54050001,Primary
2309,54100001,Collections
2310,54150001,Collections
2311,54200001,Primary
2312,54250001,Primary
2313,54300001,Primary
2314,54350001,Collections
2315,54400001,Collections
2316,54450001,Primary
2317,54500001,Primary
2318,54550001,Collections
2319,54600001,Primary
2320,54650001,Primary
2321,54700001,Collections
2322,54750001,Primary
2323,54800001,Primary
2324,54850001,Collections
2325,54900001,Primary
2326,54950001,Primary
2327,55000001,Primary
2328,55050001,Primary
2329,55100001,Primary
2330,55150001,Collections
2331,55200001,Collections
2332,55250001,Primary
2333,55300001,Primary
2334,55350001,Primary
2335,55400001,Primary
2336,55450001,Primary
2337,55500001,Collections
2338,55550001,Primary
2339,55600001,Primary
2340,55650001,Collections
2341,55700001,Primary
2342,55750001,Primary
2343,55800001,Collections
2345,55900001,Primary
2346,55950001,Primary
2348,56050001,Primary
2349,56100001,Collections
2350,56150001,Primary
2351,56200001,Primary
2352,56250001,Primary
2353,56300001,Primary
2357,56500001,Collections
2358,56550001,Primary
2359,56600001,Primary
2360,56650001,Primary
2361,56700001,Collections
2362,56750001,Collections
2363,56800001,Primary
2364,56850001,Primary
2365,56900001,Collections
2366,56950001,Collections
2368,57050001,Primary
2369,57100001,Collections
2370,57150001,Primary
2371,57200001,Primary
2372,57250001,Primary
2373,57300001,Collections
2374,57350001,Primary
2375,57400001,Primary
2376,57450001,Collections
2377,57500001,Primary
2378,57550001,Primary
2379,57600001,Collections
2380,57650001,Primary
2381,57700001,Primary
2382,57750001,Collections
2383,57800001,Collections
2384,57850001,Primary
2385,57900001,Primary
2386,57950001,Collections
2389,58100001,Primary
2390,58150001,Collections
2392,58250001,Primary
2393,58300001,Primary
2394,58350001,Primary
2395,58400001,Primary
2396,58450001,Primary
2397,58500001,Collections
2398,58550001,Collections
2399,58600001,Primary
2400,58650001,Primary
2401,58700001,Collections
2402,58750001,Primary
2403,58800001,Primary
2405,58900001,Primary
2406,58950001,Primary
2407,59000001,Primary
2408,59050001,Collections
2409,59100001,Primary
2410,59150001,Primary
2411,59200001,Primary
2412,59250001,Primary
2413,59300001,Primary
2414,59350001,Collections
2415,59400001,Primary
2416,59450001,Primary
2417,59500001,Collections
2418,59550001,Collections
2419,59600001,Primary
2421,59700001,Collections
2422,59750001,Primary
2423,59800001,Primary
2424,59850001,Collections
2425,59900001,Primary
2426,59950001,Primary
2427,60000001,Primary
2428,60050001,Collections
2429,60100001,Collections
2430,60150001,Primary
2432,60250001,Collections
2435,60400001,Primary
2436,60450001,Collections
2437,60500001,Primary
2438,60550001,Primary
2439,60600001,Collections
2440,60650001,Primary
2441,60700001,Primary
2442,60750001,Collections
2443,60800001,Primary
2444,60850001,Primary
2445,60900001,Primary
2446,60950001,Collections
2447,61000001,Primary
2448,61050001,Primary
2449,61100001,Primary
2450,61150001,Collections
2451,61200001,Collections
2452,61250001,Primary
2453,61300001,Primary
2454,61350001,Primary
2455,61400001,Primary
2456,61450001,Collections
2457,61500001,Collections
2458,61550001,Primary
2460,61650001,Billing
2461,61700001,Primary
2464,61850001,Collections
2465,61900001,Primary
2466,61950001,Primary
2467,62000001,Primary
2468,62050001,Primary
2469,62100001,Primary
2471,62200001,Primary
2472,62250001,Primary
2473,62300001,Collections
2474,62350001,Collections
2475,62400001,Primary
2476,62450001,Primary
2477,62500001,Primary
2478,62550001,Primary
2479,62600001,Primary
2482,62750001,Primary
2483,62800001,Primary
2484,62850001,Primary
2485,62900001,Collections
2487,63000001,Primary
2488,63050001,Primary
2489,63100001,Primary
2490,63150001,Primary
2491,63200001,Primary
2492,63250001,Primary
2493,63300001,Primary
2494,63350001,Primary
2495,63400001,Collections
2496,63450001,Primary
2497,63500001,Primary
2498,63550001,Primary
2499,63600001,Primary
2500,63650001,Collections
2501,63700001,Primary
2502,63750001,Primary
2503,63800001,Collections
2504,63850001,Primary
2506,63950001,Collections
2507,64000001,Billing
2508,64050001,Billing
2509,64100001,Pricing
2510,64150001,Primary
2511,64200001,Primary
2512,64250001,Primary
2515,64400001,Primary
2516,64450001,Collections
2517,64500001,Primary
2519,64600001,Collections
2520,64650001,Billing
2521,64700001,Billing
2522,64750001,Collections
2523,64800001,Primary
2524,64850001,Primary
2525,64900001,Primary
2526,64950001,Collections
2527,65000001,Primary
2528,65050001,Primary
2530,65150001,Primary
2531,65200001,Primary
2532,65250001,Primary
2533,65300001,Collections
2534,65350001,Primary
2535,65400001,Primary
2536,65450001,Collections
2539,65600001,Primary
2540,65650001,Primary
2541,65700001,Collections
2542,65750001,Billing
2543,65800001,Collections
2544,65850001,Primary
2545,65900001,Primary
2546,65950001,Primary
2547,66000001,Primary
2548,66050001,Primary
2549,66100001,Collections
2550,66150001,Collections
2551,66200001,Primary
2552,66250001,Billing
2554,66350001,Primary
2556,66450001,Primary
2557,66500001,Primary
2558,66550001,Primary
2560,66650001,Billing
2564,66850001,Primary
2566,66950001,Collections
2567,67000001,Primary
2568,67050001,Billing
2571,67200001,Collections
2572,67250001,Collections
2573,67300001,Primary
2574,67350001,Collections
2575,67400001,Billing
2576,67450001,Billing
2577,67500001,Billing
2578,67550001,Collections
2579,67600001,Primary
2581,67700001,Collections
2582,67750001,Billing
2583,67800001,Billing
2584,67850001,Collections
2586,67950001,Primary
2587,68000001,Collections
2588,68050001,Billing
2589,68100001,Primary
2590,68150001,Primary
2591,68200001,Primary
2592,68250001,Primary
2593,68300001,Primary
2594,68350001,Billing
2595,68400001,Primary
2596,68450001,Primary
2597,68500001,Collections
2598,68550001,Billing
2600,68650001,Primary
2601,68700001,Primary
2602,68750001,Collections
2603,68800001,Billing
2604,68850001,Pricing
2605,68900001,Billing
2606,68950001,Collections
2608,69050001,Primary
2609,69100001,Primary
2610,69150001,Primary
2611,69200001,Primary
2613,69300001,Collections
2614,69350001,Primary
2617,69500001,Collections
2618,69550001,Primary
2619,69600001,Primary
2620,69650001,Collections
2621,69700001,Billing
2622,69750001,Pricing
2623,69800001,Pricing
2624,69850001,Billing
2625,69900001,Collections
2626,69950001,Primary
2627,70000001,Primary
2628,70050001,Collections
2629,70100001,Billing
2630,70150001,Billing
2631,70200001,Pricing
2632,70250001,Pricing
2633,70300001,Billing
2634,70350001,Collections
2635,70400001,Primary
2637,70500001,Collections
2638,70550001,Billing
2639,70600001,Pricing
2640,70650001,Primary
2641,70700001,Primary
2642,70750001,Primary
2643,70800001,Primary
2644,70850001,Collections
2645,70900001,Pricing
2646,70950001,Billing
2647,71000001,Billing
2648,71050001,Pricing
2649,71100001,Collections
2650,71150001,Primary
2651,71200001,Primary
2652,71250001,Collections
2653,71300001,Pricing
2654,71350001,Billing
2655,71400001,Billing
2656,71450001,Collections
2657,71500001,Primary
2658,71550001,Primary
2659,71600001,Primary
2660,71650001,Collections
2661,71700001,Billing
2662,71750001,Pricing
2663,71800001,Primary
2664,71850001,Primary
2667,72000001,Primary
2668,72050001,Collections
2671,72200001,Billing
2672,72250001,Pricing
2673,72300001,Collections
2674,72350001,Primary
2675,72400001,Primary
2676,72450001,Primary
2677,72500001,Collections
2678,72550001,Pricing
2679,72600001,Billing
2682,72750001,Primary
2683,72800001,Collections
2684,72850001,Billing
2685,72900001,Pricing
2688,73050001,Collections
2690,73150001,Primary
2691,73200001,Collections
2694,73350001,Pricing
2695,73400001,Billing
2696,73450001,Collections
2697,73500001,Primary
2698,73550001,Primary
2699,73600001,Collections
2700,73650001,Billing
2701,73700001,Pricing
2702,73750001,Primary
2704,73850001,Collections
2707,74050001,Collections
2709,74150001,Primary
2710,74200001,Collections
2711,74250001,AR/AP
2712,74300001,Primary
2713,74350001,Collections
2714,74400001,Primary
2715,74450001,Collections
2716,74500001,Primary
2717,74550001,Primary
2729,74900001,Primary
2730,74950001,Primary
2732,75050001,Primary
2734,75150001,Primary
2735,75300001,Primary
2736,75350001,Collections
2737,75400001,Primary
2738,75450001,Collections
2740,75500001,Operations Mgr
2741,75550001,Primary
2742,75600001,Collections
2743,75650001,Primary
2744,75700001,Primary
2745,75750001,Collections
2747,75850001,AR/AP
2749,75950001,Primary
2750,76000001,Primary
2753,41950001,Collections
2754,29800001,Billing
2755,29800001,Primary
2756,76300001,Primary
2757,76350001,Collections
2758,76400001,Primary
2759,76450001,Collections
2760,76500001,Primary
2761,76550001,Primary
2762,76700001,Owner
2764,76800001,Primary
2765,76850001,Primary
2766,76900001,Collections
2767,76950001,Sales
2773,77250001,Sales
2775,77400001,Primary
2776,33350001,Primary
2780,77550001,Primary
2781,77600001,Primary
2782,77650001,Primary
2783,77700001,Admin:Pics/Docs
2784,51300001,Operations Mgr
2785,77750001,Freight
2786,77800001,Primary
2787,77850001,Collections
2788,77950001,Ship / Del Appt
2789,78000001,Primary
2793,78400001,Primary
2794,78450001,Collections
2799,78650001,Collections
2800,78700001,Primary
2805,67900001,Primary
2806,64550001,Primary
2807,69250001,Primary
2808,65100001,Primary
2810,67150001,Primary
2813,67650001,Primary
2814,78750001,Collections
2818,69000001,Primary
2819,78950001,Collections
2821,79000001,Collections
2841,79150001,Collections
2842,79200001,Primary
2844,33450001,Collections
2845,33450001,Primary
2847,43300001,Collections
2849,79250001,AR/AP
2850,79300001,Primary
2851,79350001,Collections
2862,79400001,Primary
2863,79450001,Collections
2864,79500001,Primary
2865,79550001,Collections
2869,17300001,DM
2870,17300001,Primary
2876,16700001,Primary
2887,79800001,Primary
2890,74600001,Collections
2891,79950001,Primary
2900,80100001,Collections
2902,80050001,Primary
2903,80150001,Primary
2904,80300001,Ship / Del Appt
2905,80350001,Collections
2906,80200001,Sales
2914,80500001,DM
2917,80650001,Primary
2918,80700001,Collections
2919,80750001,Primary
2920,80800001,Collections
2922,80900001,Collections
2924,81000001,Collections
2925,43350001,Collections
2926,12250001,DM
2927,80600001,Collections
2928,80550001,Primary
2930,81150001,Primary
2931,81300001,Primary
2932,81350001,Primary
2933,81400001,Collections
2935,81550001,Collections
2938,61600001,Collections
2939,40250001,Collections
2946,250001,DM
2947,250001,Pricing
2948,250001,RR
2949,81950001,Primary
2950,82100001,Ship / Del Appt
2957,66900001,Collections
2961,52050001,Collections
2962,82400001,Primary
2966,50900001,DM
2967,50900001,Primary
2974,78100001,Primary
2975,82200001,Collections
2981,79750001,Ship / Del Appt
2984,17100001,Primary
2988,82700001,Primary
2991,51950001,AR/AP
2996,82900001,Ship / Del Appt
3002,82950001,Admin:Pics/Docs
3003,82950001,Ship / Del Appt
3004,82250001,Primary
3014,83050001,Primary
3015,83250001,Admin:Pics/Docs
3016,83250001,Ship / Del Appt
3017,83300001,Collections
3018,83100001,DM
3019,75900001,Collections
3020,83350001,Sales
3028,83550001,Primary
3029,28900001,Primary
3034,41300001,Collections
3035,64300001,Collections
3036,39600001,Primary
3041,83500001,AR/AP
3042,83500001,Collections
3044,83650001,AR/AP
3045,83650001,Collections
3047,16550001,Primary
3048,51200001,Primary
3053,83750001,Collections
3055,83800001,Collections
3056,83850001,Collections
3057,83900001,Collections
3058,83950001,Collections
3059,84000001,Collections
3060,84050001,Collections
3061,73100001,Admin:Pics/Docs
3062,73100001,Operations Mgr
3063,73100001,Primary
3064,73100001,Sales
3065,84100001,Collections
3066,84150001,Collections
3067,84200001,Collections
3068,84250001,Primary
3077,83400001,Admin:Pics/Docs
3086,51750001,Operations Mgr
3099,84300001,Collections
3100,84300001,AR/AP
3101,60300001,Primary
3105,85150001,Collections
3106,85000001,Primary
3107,85200001,Collections
3113,37150001,Collections
3114,37150001,Primary
3117,34700001,Collections
3118,34700001,Primary
3119,39150001,Primary
3120,31600001,Collections
3121,31600001,Primary
3122,33300001,Collections
3123,33300001,Primary
3132,13550001,Collections
3133,35550001,Primary
3134,82450001,Primary
3135,85250001,Collections
3136,36550001,Primary
3137,85300001,Collections
3138,85350001,Collections
3145,34000001,Primary
3146,85400001,Collections
3147,85450001,Collections
3148,85500001,Collections
3149,79050001,Primary
3150,85550001,Collections
3151,85600001,Collections
3152,85650001,Collections
3153,31950001,Primary
3154,85700001,Collections
3155,36600001,Primary
3156,85750001,Collections
3157,74100001,AR/AP
3158,74100001,Collections
3159,85800001,Collections
3160,85850001,Collections
3161,85900001,Collections
3167,12850001,Pricing
3168,34750001,Collections
3169,34750001,Primary
3172,37300001,Primary
3173,30550001,Primary
3174,64350001,Primary
3175,85950001,Collections
3178,75100001,Primary
3179,86000001,Collections
3180,86050001,Collections
3181,32750001,Primary
3182,12000001,Collections
3183,86100001,Collections
3184,86150001,Collections
3185,36400001,Primary
3187,52800001,Collections
3189,12300001,Collections
3190,33750001,Primary
3191,63900001,Primary
3192,86200001,Collections
3194,32350001,Primary
3195,86250001,Collections
3197,12550001,Collections
3198,34200001,Primary
3203,86450001,Primary
3204,86500001,Collections
3209,86350001,Primary
3210,86700001,Ship / Del Appt
3212,86750001,Collections
3213,61800001,Primary
3215,31750001,Primary
3217,42600001,Collections
3218,32200001,Primary
3219,86800001,Collections
3220,73800001,Primary
3222,86850001,Collections
3225,24550001,Primary
3228,35700001,Primary
3229,86900001,Collections
3230,36100001,Primary
3235,87050001,Ship / Del Appt
3236,87150001,Ship / Del Appt
3237,87200001,Primary
3238,87250001,Collections
3239,87300001,Primary
3240,87550001,Primary
3241,87600001,Ship / Del Appt
3242,87650001,Ship / Del Appt
3243,87700001,Primary
3244,87750001,Collections
3245,87800001,Primary
3246,87850001,Collections
3247,87900001,Primary
3248,87950001,Collections
3250,88050001,Ship / Del Appt
3253,80450001,Collections
3254,80450001,RR
3260,88300001,Collections
3261,88350001,Collections
3262,88150001,Ship / Del Appt
3263,88450001,Primary
3264,88500001,Primary
3265,88550001,Collections
3266,88600001,Primary
3269,78900001,Collections
3272,89000001,Primary
3273,89050001,Collections
3275,89600001,DM
3276,89650001,Primary
3279,89800001,Collections
3284,90200001,Primary
3286,89750001,Primary
3287,89750001,Sales
3290,50350001,Freight
3291,50350001,Sales
3292,71950001,Primary
3293,90350001,Ship / Del Appt
3294,90450001,Primary
3295,90500001,Collections
3296,90550001,Collections
3308,90700001,Primary
3309,90750001,Collections
3310,90800001,Primary
3311,90850001,Collections
3316,90900001,Ship / Del Appt
3324,91150001,Sales
3331,91300001,Admin:Pics/Docs
3332,91350001,Primary
3333,91400001,Collections
3334,91450001,Primary
3335,91500001,Collections
3336,91550001,Primary
3337,91650001,Primary
3338,91700001,Collections
3339,91750001,Primary
3340,91800001,Collections
3343,90950001,Primary
3344,91850001,Collections
3345,91900001,Admin:Pics/Docs
3347,91950001,Ship / Del Appt
3358,92450001,Ship / Del Appt
3359,77000001,Collections
3360,56000001,Primary
3367,35500001,Collections
3369,92600001,Primary
3371,90300001,Ship / Del Appt
3372,92650001,Primary
3375,87000001,Operations Mgr
3376,87000001,Ship / Del Appt
3378,40550001,Admin:Pics/Docs
3389,49950001,Collections
3392,88950001,Pricing
3395,74800001,Admin:Pics/Docs
3400,36650001,Primary
3413,93250001,Primary
3414,93300001,Collections
3415,93350001,Collections
3418,93450001,Primary
3419,93500001,Collections
3420,15800001,Collections
3423,77200001,Sales
3424,79850001,Collections
3429,89700001,AR/AP
3432,93700001,Ship / Del Appt
3433,93950001,Primary
3434,94000001,Primary
3435,94050001,Collections
3438,94150001,Collections
3439,94200001,Collections
3440,94250001,Collections
3442,41400001,Collections
3443,25000001,Primary
3444,25000001,Collections
3450,62650001,Collections
3451,94350001,Primary
3452,52750001,Collections
3453,31150001,Primary
3459,94400001,Primary
3461,49050001,Admin:Pics/Docs
3462,49050001,Ship / Del Appt
3463,94650001,Primary
3464,94700001,Collections
3466,94950001,DM Assistant
3467,95100001,Primary
3468,95150001,Collections
3474,95200001,Collections
3475,89900001,Collections
3476,95250001,Operations Mgr
3477,95300001,Admin:Pics/Docs
3478,95300001,RR
3480,95350001,DM
3484,76150001,Operations Mgr
3494,95750001,Primary
3495,95800001,Collections
3496,95950001,Primary
3498,95850001,Sales
3499,95900001,Collections
3507,96000001,Collections
3508,96200001,Operations Mgr
3509,93400001,Collections
3510,96350001,Primary
3511,96400001,Collections
3512,96600001,Primary
3517,96750001,Collections
3524,74700001,Primary
3525,97000001,Primary
3526,97150001,Collections
3527,97400001,Collections
3535,97500001,DM
3538,77100001,Primary
3539,97600001,Collections
3541,97650001,Primary
3543,97750001,Primary
3544,97800001,Collections
3548,57000001,Primary
3550,35950001,Primary
3552,44950001,Collections
3553,25350001,Primary
3556,95650001,Primary
3557,15450001,Collections
3558,91000001,Collections
3559,82800001,Primary
3564,98250001,Primary
3565,98300001,Primary
3567,98400001,Collections
3568,98450001,Collections
3574,98600001,Primary
3578,47250001,Collections
3579,98800001,Primary
3580,98850001,Collections
3581,98900001,DM Assistant
3584,98500001,Collections
3585,99000001,Primary
3589,56350001,Primary
3590,97450001,Collections
3594,84700001,Operations Mgr
3595,84750001,Admin:Pics/Docs
3596,99050001,Ship / Del Appt
3605,84400001,Primary
3608,99300001,Primary
3612,66750001,Primary
3614,66800001,Collections
3615,77050001,Ship / Del Appt
3617,88100001,Sales
3618,99450001,AR/AP
3621,29700001,Billing
3622,29700001,Primary
3623,99500001,Collections
3625,99250001,Billing
3627,99750001,Collections
3630,99950001,Primary
3631,100000001,Collections
3632,62700001,Primary
3633,62700001,Collections
3634,100050001,Primary
3635,100100001,Collections
3638,100300001,Primary
3639,100350001,Collections
3643,32050001,Primary
3644,100400001,Collections
3646,100450001,Primary
3647,100500001,Collections
3649,100800001,Ship / Del Appt
3650,60200001,Primary
3651,80000001,Admin:Pics/Docs
3652,100850001,Primary
3653,100900001,Collections
3654,100950001,Primary
3655,101000001,Collections
3656,101650001,Collections
3657,101700001,Collections
3658,101850001,Collections
3659,101900001,Collections
3660,101950001,Collections
3661,102000001,Collections
3662,102050001,Collections
3663,102100001,Collections
3664,102150001,Primary
3667,102300001,Primary
3668,102350001,Primary
3669,102400001,Collections
3671,58850001,Collections
3673,103150001,Collections
3677,103500001,DM
3678,103650001,Collections
3679,45900001,Collections
3680,37200001,Primary
3682,103750001,Primary
3683,103800001,Collections
3684,97550001,AR/AP
3685,95500001,Collections
3688,20950001,Primary
3691,103900001,Ship / Del Appt
3692,103700001,Collections
3698,104050001,Collections
3699,99400001,Primary
3700,104100001,Collections
3701,98650001,Collections
3704,102500001,Collections
3705,104200001,Collections
3707,100700001,Collections
3708,96950001,Primary
3709,104250001,Collections
3710,96650001,Primary
3711,104300001,Collections
3712,104350001,Collections
3713,104400001,Collections
3714,104450001,Collections
3715,104500001,Collections
3716,104550001,Collections
3717,104600001,Collections
3718,104650001,Collections
3719,104700001,Collections
3720,104750001,Collections
3721,104800001,Collections
3722,104850001,Collections
3723,104900001,Collections
3724,104950001,Collections
3725,105000001,Collections
3726,105050001,Collections
3727,105100001,Collections
3734,105300001,Collections
3736,105350001,Primary
3737,105350001,Collections
3738,81450001,Collections
3740,105750001,Primary
3741,105800001,Primary
3742,105850001,Collections
3744,33250001,Collections
3745,105900001,Primary
3746,105950001,Ship / Del Appt
3748,106000001,Primary
3749,106000001,Collections
3750,103200001,Admin:Pics/Docs
3751,106050001,Primary
3753,92900001,Admin:Pics/Docs
3754,53200001,Collections
3755,106100001,Primary
3756,106150001,Collections
3757,106200001,Billing
3760,106350001,Ship / Del Appt
3761,91100001,Admin:Pics/Docs
3762,91100001,Ship / Del Appt
3765,106600001,Ship / Del Appt
3784,106900001,Collections
3785,76250001,Primary
3786,106800001,Collections
3787,106850001,Collections
3789,107000001,Primary
3790,107050001,Collections
3794,106300001,Collections
3795,81050001,Primary
3796,80950001,Primary
3797,107200001,Ship / Del Appt
3800,107300001,Collections
3803,107400001,Primary
3805,107450001,Primary
3806,107450001,Collections
3807,106450001,Collections
3808,107500001,Collections
3809,103350001,Ship / Del Appt
3813,105550001,Primary
3814,105550001,Collections
3815,107650001,Primary
3817,51900001,Admin:Pics/Docs
3818,107750001,Primary
3819,107800001,Collections
3820,107850001,Primary
3821,107900001,Collections
3827,108050001,Collections
3829,108100001,Collections
3831,32600001,Primary
3832,42900001,Collections
3833,106950001,Primary
3834,108200001,Primary
3835,108350001,Primary
3840,40400001,Collections
3841,108450001,Primary
3842,108500001,Collections
3843,108550001,AR/AP
3844,108600001,Primary
3845,108650001,Collections
3847,109000001,Ship / Del Appt
3850,109050001,Collections
3860,109150001,Primary
3861,109250001,Primary
3862,109300001,Collections
3864,109350001,Primary
3865,109400001,Collections
3866,109450001,Billing
3867,109500001,Primary
3868,109550001,Collections
3869,109600001,Ship / Del Appt
3871,109700001,Primary
3872,109750001,Collections
3873,110000001,Collections
3877,53850001,Primary
3879,110250001,Collections
3882,110400001,Billing
3883,99350001,Collections
3884,80850001,Primary
3888,110500001,Primary
3889,110550001,Collections
3895,110850001,Primary
3896,110900001,Collections
3897,110800001,Collections
3900,98700001,Ship / Del Appt
3901,111000001,Primary
3902,111100001,Ship / Del Appt
3903,111150001,Collections
3904,111200001,Ship / Del Appt
3906,111300001,Primary
3908,111350001,Billing
3909,111350001,Collections
3911,32150001,Primary
3912,78500001,Collections
3913,78300001,Primary
3914,111400001,Ship / Del Appt
3915,111600001,Primary
3916,111650001,Collections
3918,111750001,Collections
3920,111850001,Primary
3921,111900001,Collections
3922,111950001,Primary
3923,112000001,Collections
3927,112050001,DM
3928,112050001,Primary
3929,112100001,Primary
3930,112150001,Collections
3933,112350001,Primary
3934,80400001,Ship / Del Appt
3937,112450001,Primary
3938,112500001,Primary
3939,112550001,Collections
3940,112600001,Primary
3941,112650001,Collections
3944,112700001,Operations Mgr
3945,112700001,Ship / Del Appt
3946,112800001,AR/AP
3947,112850001,Billing
3948,112900001,Primary
3964,113150001,Primary
3965,113150001,Collections
3972,113200001,Sales
3973,112200001,Primary
3975,113250001,AR/AP
3976,113300001,Sales
3977,113350001,Billing
3978,113500001,Primary
3981,113550001,Primary
3985,113800001,Primary
3990,113850001,Billing
3991,71900001,Primary
3993,113900001,Collections
3994,59650001,Primary
3995,113000001,Collections
3996,113050001,Ship / Del Appt
3997,113100001,Operations Mgr
3998,114000001,Primary
3999,114150001,Primary
4001,58000001,Collections
4002,114300001,Primary
4003,114350001,Primary
4007,105150001,Ship / Del Appt
4014,103400001,Admin:Pics/Docs
4015,114450001,Primary
4016,92150001,Primary
4018,114650001,Sales
4019,114700001,Primary
4020,114750001,Primary
4021,114800001,Primary
4022,114850001,Primary
4023,114900001,Primary
4027,114950001,Collections
4028,115050001,Primary
4029,81700001,Collections
4030,115100001,Primary
4032,115200001,Ship / Del Appt
4033,115250001,Primary
4034,115350001,Collections
4036,115500001,Primary
4038,115550001,Collections
4039,115700001,Primary
4040,115750001,Collections
4041,110700001,Collections
4042,110700001,Owner
4043,103000001,AR/AP
4044,115850001,Primary
4045,115900001,Primary
4046,115950001,Primary
4047,116000001,Primary
4048,16200001,Primary
4049,40100001,Collections
4050,47900001,DM
4051,47900001,Owner
4053,82650001,Primary
4054,24300001,Primary
4055,92350001,Primary
4056,92400001,Collections
4057,30150001,Billing
4058,30150001,Primary
4059,114500001,Primary
4060,116150001,Primary
4061,116200001,Collections
4062,113650001,Collections
4064,116400001,Primary
4065,116450001,Collections
4066,116500001,Primary
4067,116550001,Collections
4068,116700001,Primary
4069,116750001,Collections
4070,116800001,Primary
4071,116850001,Primary
4072,116950001,Primary
4073,117000001,Primary
4074,79600001,Collections
4075,117450001,Primary
4076,117500001,Collections
4077,117650001,Primary
4078,109100001,Collections
4082,117950001,Collections
4083,89850001,Primary
4084,107250001,Ship / Del Appt
4085,118250001,Primary
4086,118300001,Collections
4088,118600001,Primary
4089,118650001,Primary
4090,118700001,Primary
4092,118950001,Primary
4093,118950001,Collections
4094,119100001,Ship / Del Appt
4095,119300001,Sales
4096,16450001,Primary
4098,119350001,Collections
4101,119400001,Primary
4106,119450001,Sales
4107,119500001,Freight
4108,119550001,Primary
4109,119600001,Billing
4112,119650001,Collections
4113,36200001,Collections
4114,36200001,Primary
4115,45350001,Collections
4116,116100001,Collections
4117,116100001,Primary
4118,36500001,Collections
4119,119850001,Primary
4120,119900001,Primary
4123,120050001,Primary
4124,120200001,Primary
4125,120250001,Primary
4126,120300001,Collections
4127,120450001,Collections
4128,120550001,Primary
4129,120600001,Owner
4130,120700001,Primary
4131,120800001,Primary
4132,120900001,Pricing
4133,120900001,DM
4134,121000001,Primary
4138,121450001,Primary
4139,121450001,Collections
4140,121600001,Primary
4142,121750001,Primary
4143,121750001,Collections
4144,121800001,Primary
4146,121950001,Primary
4147,121950001,Collections
4148,122050001,Primary
4149,53400001,Primary
4155,121300001,Collections
4156,122450001,Ship / Del Appt
4157,122650001,Collections
4162,49450001,Operations Mgr
4165,123000001,Primary
4166,123050001,Primary
4167,50200001,DM
4168,62150001,Primary
4169,48350001,Billing
4170,110750001,Owner
4171,110750001,Ship / Del Appt
4173,17450001,Primary
4174,17450001,Collections
4179,123600001,Primary
4181,123650001,Primary
4182,123650001,Collections
4183,123750001,Pricing
4185,38950001,Primary
4187,124450001,Collections
4188,124500001,Primary
4189,124650001,Primary
4193,124800001,Operations Mgr
4194,124950001,Ship / Del Appt
4196,125250001,Primary
4203,123150001,Primary
4204,123150001,Collections
4205,125450001,Primary
4206,125500001,Billing
4208,125550001,Primary
4209,125550001,Collections
4210,125600001,Primary
4212,125900001,Collections
4213,126000001,Primary
4214,126050001,Collections
4217,126250001,Collections
4218,102200001,Ship / Del Appt
4220,126400001,Primary
4221,72700001,Primary
4222,126500001,Operations Mgr
4223,126100001,Collections
4224,126650001,Primary
4225,126750001,Primary
4226,82600001,DM
4227,126950001,Primary
4228,127000001,Admin:Pics/Docs
4229,126850001,DM
4231,127200001,Operations Mgr
4234,127550001,Primary
4235,127550001,Collections
4236,127600001,Collections
4238,127700001,Ship / Del Appt
4240,127650001,Primary
4241,127650001,Collections
4243,127800001,Primary
4244,127800001,Collections
4246,127900001,Primary
4247,127900001,Collections
4249,128000001,Primary
4250,128000001,Collections
4252,123700001,Operations Mgr
4253,128150001,Primary
4254,128350001,DM
4255,128400001,Primary
4256,128500001,Primary
4257,128600001,Primary
4258,128650001,Collections
4259,128750001,Sales
4260,128800001,AR/AP
4261,128950001,DM Assistant
4264,129100001,Sales
4265,129150001,AR/AP
4266,129200001,Primary
4267,129350001,DM Assistant
4268,129400001,Primary
4269,129450001,Collections
4272,129650001,Ship / Del Appt
4273,129700001,Primary
4274,129750001,Collections
4276,129850001,Collections
4277,129900001,Primary
4278,130050001,Ship / Del Appt
4279,130100001,Collections
4281,130200001,Primary
4282,130300001,Ship / Del Appt
4283,130350001,Primary
4284,70450001,Primary
4286,112400001,Ship / Del Appt
4287,130400001,Collections
4290,130500001,Primary
4291,130500001,Collections
4292,130550001,Operations Mgr
4293,130600001,Primary
4294,34050001,Primary
4295,118800001,Freight
4296,118800001,Ship / Del Appt
4297,130650001,Admin:Pics/Docs
4298,130650001,Ship / Del Appt
4308,130900001,Collections
4309,130850001,Primary
4310,131000001,Collections
4311,131100001,Ship / Del Appt
4316,131450001,Primary
4317,131450001,Collections
4318,131500001,Primary
4319,131550001,Collections
4320,130450001,Sales
4322,132050001,Operations Mgr
4323,131950001,Ship / Del Appt
4324,132100001,Billing
4326,132150001,Primary
4327,132150001,Collections
4328,132200001,Primary
4335,132800001,Primary
4336,132800001,Collections
4338,132300001,Collections
4339,118550001,Primary
4343,133050001,Operations Mgr
4348,133150001,Primary
4349,133150001,Collections
4351,133200001,Primary
4352,133200001,Collections
4354,133250001,Primary
4355,133250001,Collections
4356,133300001,Primary
4357,129000001,Collections
4358,133450001,Primary
4363,83000001,DM
4364,50300001,Freight
4365,50300001,Sales
4367,48650001,AR/AP
4368,48650001,Collections
4369,133800001,Collections
4376,37500001,Primary
4377,133950001,Collections
4379,134050001,Admin:Pics/Docs
4380,133600001,DM
4381,133550001,DM
4382,99600001,Collections
4388,134400001,Primary
4391,65500001,Primary
4392,134750001,Primary
4394,134800001,Primary
4395,134800001,Operations Mgr
4396,134800001,Collections
4399,131250001,Collections
4408,135150001,Ship / Del Appt
4410,50000001,DM Assistant
4411,135400001,Primary
4412,135450001,Collections
4413,135550001,Primary
4414,135600001,Collections
4416,99150001,Collections
4417,135800001,Collections
4418,135900001,Primary
4419,136000001,Collections
4423,136250001,AR/AP
4427,136350001,Primary
4428,136350001,Collections
4429,136450001,Primary
4430,136500001,AR/AP
4431,136550001,Primary
4432,135200001,AR/AP
4434,136900001,Primary
4435,92700001,Ship / Del Appt
4438,137050001,Collections
4439,137050001,Billing
4440,137100001,Collections
4446,36050001,Collections
4447,126300001,Pricing
4448,126300001,Primary
4451,137700001,Primary
4452,137850001,Collections
4453,122250001,Owner
4462,17700001,Primary
4463,17700001,Sales
4465,137950001,Freight
4466,138050001,Primary
4467,138100001,Primary
4468,138200001,Primary
4469,138250001,Collections
4470,125350001,Sales
4471,138500001,Collections
4472,138700001,Primary
4473,138750001,Collections
4474,29200001,Billing
4475,29200001,Primary
4477,138900001,Primary
4478,138900001,Collections
4480,138950001,Primary
4481,138950001,Collections
4482,139000001,Primary
4483,139050001,Primary
4484,139600001,Primary
4485,139650001,Collections
4486,111800001,Admin:Pics/Docs
4487,111800001,Pricing
4488,139750001,Primary
4489,139800001,Collections
4492,139950001,Primary
4493,140150001,Primary
4494,134850001,Primary
4495,140250001,Collections
4496,37250001,Collections
4497,140300001,Primary
4499,140450001,Collections
4501,137550001,Collections
4502,140500001,Primary
4503,140550001,Primary
4504,140600001,Primary
4505,140850001,Primary
4506,140900001,Primary
4508,140950001,Ship / Del Appt
4512,21350001,Primary
4513,141050001,Ship / Del Appt
4514,141100001,Primary
4515,141250001,Primary
4517,141350001,Primary
4518,141400001,Collections
4524,141650001,Primary
4526,141700001,Primary
4527,141700001,Collections
4528,142050001,Primary
4529,142100001,Primary
4530,142150001,Collections
4531,142350001,Primary
4533,142400001,Primary
4534,142400001,Collections
4536,142450001,Primary
4537,142450001,Collections
4538,142700001,Primary
4539,142850001,Primary
4540,142900001,Collections
4541,143200001,Collections
4542,143250001,Primary
4544,143350001,RR
4546,143450001,Primary
4548,92200001,Collections
4552,143550001,Primary
4555,41550001,Collections
4556,41550001,RR
4557,143800001,DM
4558,143850001,Primary
4559,144150001,Primary
4561,144200001,Primary
4562,144250001,DM
4563,144300001,Owner
4564,144350001,Primary
4565,144400001,Collections
4568,140400001,DM
4569,144550001,Primary
4572,124750001,Ship / Del Appt
4573,124700001,Admin:Pics/Docs
4574,124700001,Ship / Del Appt
4576,95450001,Primary
4577,127350001,Primary
4578,137500001,Primary
4579,144650001,Sales
4580,49850001,Admin:Pics/Docs
4582,144700001,Primary
4586,144850001,Primary
4587,144900001,Primary
4589,145150001,Primary
4591,145500001,Primary
4592,145500001,Collections
4593,145600001,Ship / Del Appt
4594,13350001,Primary
4596,145700001,Collections
4597,145750001,Primary
4599,145800001,Collections
4600,145800001,AR/AP
4601,145850001,Primary
4602,145900001,Primary
4603,66600001,Collections
4604,146100001,Primary
4605,146200001,Primary
4606,146350001,Primary
4607,107150001,Ship / Del Appt
4608,146500001,Collections
4609,116350001,Collections
4610,116350001,AR/AP
4611,146700001,Primary
4612,146800001,Primary
4613,146850001,Collections
4615,124400001,Primary
4619,141000001,Collections
4620,141000001,Primary
4621,147250001,Primary
4622,147350001,Collections
4624,147400001,Primary
4625,147450001,Primary
4627,147650001,Collections
4628,147700001,Primary
4631,147950001,Billing
4632,148000001,Billing
4633,148150001,Primary
4634,148200001,Collections
4635,148250001,Primary
4636,73250001,Billing
4637,73300001,Pricing
4639,138600001,Operations Mgr
4640,148300001,Primary
4641,148450001,Primary
4645,148600001,Collections
4646,148650001,Primary
4648,148700001,Collections
4649,148850001,Primary
4650,148900001,Collections
4652,148950001,Freight
4653,149100001,Primary
4654,149200001,Primary
4655,149250001,Collections
4658,149400001,Primary
4659,105250001,Primary
4661,149550001,Primary
4662,149600001,Collections
4663,149650001,Primary
4665,149900001,Admin:Pics/Docs
4666,149950001,Admin:Pics/Docs
4667,150000001,Ship / Del Appt
4668,150050001,Primary
4670,126550001,Operations Mgr
4673,17800001,Primary
4674,44250001,Collections
4675,150450001,Primary
4679,148550001,AR/AP
4684,150700001,Collections
4685,150700001,Primary
4686,150850001,Primary
4687,151250001,Collections
4688,139850001,DM
4690,105200001,Collections
4691,147500001,Sales
4692,147500001,Primary
4693,151400001,Collections
4694,151450001,Admin:Pics/Docs
4695,151500001,Primary
4696,151550001,Collections
4699,151900001,Primary
4702,152050001,Collections
4703,152050001,AR/AP
4704,152000001,Primary
4706,152100001,Primary
4707,152100001,Collections
4709,147100001,DM
4711,152250001,Admin:Pics/Docs
4712,141300001,Collections
4713,141300001,Admin:Pics/Docs
4714,141300001,Freight
4715,152300001,Primary
4716,152600001,Primary
4717,152650001,Billing
4719,152850001,Primary
4720,152850001,Collections
4721,152900001,AR/AP
4722,153100001,Primary
4723,153300001,Primary
4724,153350001,Collections
4725,153400001,Primary
4726,153450001,Collections
4727,153600001,Primary
4728,153850001,Primary
4732,154100001,Operations Mgr
4734,154350001,Primary
4740,153900001,Collections
4741,153900001,Primary
4742,154450001,Primary
4743,154500001,Primary
4744,154600001,Primary
4745,154650001,Primary
4746,154700001,Primary
4747,154850001,Billing
4748,155050001,Primary
4749,155100001,Primary
4751,154400001,AR/AP
4752,155200001,Primary
4753,155250001,Collections
4754,155300001,Billing
4755,155350001,Primary
4756,155400001,Collections
4757,155450001,Billing
4758,155550001,Primary
4759,155600001,Primary
4761,155700001,Collections
4762,155850001,AR/AP
4763,155900001,Billing
4765,155950001,Primary
4766,155950001,Collections
4767,156100001,Primary
4771,156350001,Primary
4772,156400001,Collections
4773,156450001,Primary
4774,156500001,Collections
4775,156550001,Primary
4776,156600001,Collections
4777,156650001,Primary
4778,156700001,Collections
4779,156800001,Billing
4780,156850001,Billing
4781,156900001,Primary
4784,157100001,DM
4785,157100001,Ship / Del Appt
4786,157150001,Primary
4787,157200001,Primary
4788,157200001,Collections
4789,157350001,Primary
4791,157400001,Primary
4792,157400001,Collections
4793,157450001,Primary
4796,157600001,Primary
4797,157600001,Collections
4798,157750001,Primary
4799,157800001,Collections
4800,157850001,Primary
4801,158000001,Primary
4802,158050001,Collections
4803,158150001,Collections
4804,158500001,Primary
4806,158600001,Primary
4807,158600001,Collections
4808,69450001,Collections
4809,158950001,Primary
4810,159000001,Admin:Pics/Docs
4811,159050001,Primary
4818,154200001,Admin:Pics/Docs
4819,159250001,Primary
4820,159300001,Billing
4821,76750001,Primary
4823,40200001,Collections
4824,93200001,Operations Mgr
4825,159750001,Primary
4826,159800001,Primary
4834,160050001,Primary
4835,160050001,Collections
4840,160100001,Primary
4841,160100001,Collections
4842,160250001,Billing
4843,160300001,Billing
4844,160400001,Primary
4845,160400001,Collections
4846,160450001,Operations Mgr
4847,122750001,Collections
4848,122750001,Primary
4849,160600001,Billing
4850,160700001,Collections
4851,160750001,Primary
4852,160950001,Collections
4853,160350001,Ship / Del Appt
4854,161200001,AR/AP
4856,161900001,Primary
4857,161950001,Collections
4860,162000001,Ship / Del Appt
4861,160800001,Admin:Pics/Docs
4862,162100001,Primary
4863,162150001,Primary
4864,162300001,Ship / Del Appt
4865,162350001,Primary
4866,162400001,Primary
4867,162450001,Billing
4868,131350001,Primary
4869,131400001,Collections
4870,162500001,Primary
4871,162550001,Collections
4873,162750001,Admin:Pics/Docs
4875,163000001,Primary
4876,163000001,Collections
4877,163050001,Primary
4878,163250001,Primary
4880,115400001,Primary
4882,163700001,Primary
4883,163700001,Collections
4884,163850001,Billing
4886,163900001,Primary
4892,164250001,Primary
4893,164350001,Primary
4894,164400001,Collections
4896,164600001,Billing
4897,164750001,Primary
4898,164850001,Primary
4899,164950001,Primary
4900,165000001,Primary
4901,165100001,Primary
4902,165250001,Collections
4903,165300001,Ship / Del Appt
4904,165350001,Ship / Del Appt
4906,165500001,Primary
4907,165500001,Collections
4908,165550001,Collections
4909,165600001,Collections
4910,165650001,Collections
4912,165700001,Primary
4913,165700001,Collections
4914,165750001,Primary
4915,165800001,Collections
4916,165850001,Operations Mgr
4917,166000001,Primary
4918,166050001,Collections
4926,34950001,Primary
4927,166150001,Collections
4928,44300001,Admin:Pics/Docs
4929,156950001,Primary
4931,166250001,Primary
4933,166400001,Primary
4939,166500001,Collections
4940,166600001,Billing
4941,166650001,Primary
4942,166700001,Primary
4943,166900001,Primary
4944,166950001,Collections
4945,167100001,Primary
4946,167150001,Collections
4947,167200001,Primary
4948,167250001,Primary
4949,167300001,Collections
4950,167450001,Billing
4951,167500001,Primary
4952,159150001,Collections
4953,159150001,Primary
4954,167800001,Primary
4955,167850001,Collections
4956,167950001,Primary
4957,168000001,Collections
4958,168050001,Primary
4959,168100001,Primary
4960,168150001,Primary
4962,145550001,Operations Mgr
4966,90000001,Primary
4967,90000001,Collections
4969,168400001,Billing
4970,168500001,Primary
4971,168600001,Collections
4972,166300001,Collections
4973,168750001,Primary
4974,168800001,Collections
4975,169000001,Collections
4977,83450001,Ship / Del Appt
4978,163300001,DM
4980,163350001,Freight
4981,161600001,DM
4982,159200001,DM Assistant
4983,169250001,DM
4988,169350001,Ship / Del Appt
4989,169400001,Primary
4990,169450001,Primary
4991,169500001,Billing
4992,169550001,Ship / Del Appt
4993,86650001,Ship / Del Appt
4995,75000001,Collections
4996,169900001,Billing
4997,169950001,Primary
4999,170450001,Primary
5000,170450001,Collections
5002,163950001,AR/AP
5003,170600001,Collections
5004,170650001,Primary
5005,170700001,Billing
5007,170800001,Billing
5008,125850001,Primary
5009,111700001,Primary
5011,170950001,Admin:Pics/Docs
5012,171000001,Admin:Pics/Docs
5013,171000001,Collections
5014,171100001,Primary
5016,171150001,Primary
5017,171150001,Collections
5019,171200001,Primary
5020,171200001,Collections
5021,171250001,Primary
5022,171300001,Collections
5023,171350001,Billing
5024,171400001,Billing
5025,171450001,Billing
5026,171500001,Billing
5027,171650001,Primary
5028,171700001,Primary
5029,171750001,Primary
5032,40600001,Collections
5033,171900001,Primary
5034,171950001,Primary
5035,172050001,Primary
5036,172100001,Primary
5037,172200001,Primary
5038,172250001,Primary
5039,172700001,Primary
5040,172750001,Primary
5041,173050001,Primary
5042,60350001,Primary
5043,150200001,Primary
5044,168350001,RR
5045,173150001,Primary
5046,173200001,Primary
5047,173250001,Primary
5048,173300001,Primary
5049,173400001,Freight
5050,173450001,Primary
5051,173650001,Billing
5052,173850001,Primary
5053,174000001,Primary
5054,174050001,Primary
5055,174100001,Collections
5057,174300001,Primary
5058,174350001,Primary
5059,174400001,Primary
5060,174600001,Primary
5061,174900001,Primary
5062,136650001,Primary
5063,174950001,Primary
5064,175000001,Primary
5065,175100001,Primary
5069,175250001,Collections
5070,175200001,Ship / Del Appt
5073,175550001,Primary
5074,175600001,Collections
5075,52150001,Collections
5076,175700001,Primary
5077,175750001,Primary
5080,175850001,Freight
5081,175900001,Primary
5082,176050001,Primary
5084,21100001,Primary
5085,176100001,Primary
5086,176150001,Primary
5087,176200001,Primary
5088,176250001,Primary
5089,176350001,Primary
5091,176500001,Primary
5092,176650001,Collections
5093,176950001,Primary
5094,177100001,Primary
5095,177150001,Primary
5098,177400001,Primary
5099,177450001,Collections
5100,177600001,Primary
5101,177700001,Primary
5102,177800001,DM Assistant
5103,178000001,Primary
5104,178050001,Primary
5105,178100001,Collections
5106,43050001,Collections
5107,43050001,Ship / Del Appt
5108,178200001,Collections
5109,178300001,Primary
5110,178350001,Primary
5111,178400001,Primary
5112,178500001,Primary
5113,178550001,Primary
5116,166200001,Billing
5117,178600001,Primary
5118,178650001,Primary
5119,178900001,Primary
5120,179050001,Billing
5121,179100001,Primary
5122,179250001,Primary
5123,179450001,Collections
5124,179500001,Collections
5125,179550001,AR/AP
5128,179850001,Collections
5129,179950001,Ship / Del Appt
5131,180000001,Admin:Pics/Docs
5136,175150001,Operations Mgr
5137,180450001,Billing
5138,180500001,Primary
5139,180550001,Primary
5141,31200001,Primary
5143,181000001,Primary
5144,181050001,Primary
5145,181100001,Primary
5146,181200001,Collections
5147,181250001,Primary
5148,181400001,Collections
5149,181500001,Primary
5151,181700001,Primary
5152,181800001,Ship / Del Appt
5153,182050001,Primary
5154,180950001,Primary
5155,24750001,Primary
5156,182250001,Collections
5157,180050001,Collections
5158,182550001,Primary
5161,182600001,DM Assistant
5162,182750001,AR/AP
5163,182800001,Primary
5164,182950001,Primary
5165,183050001,Primary
5166,183100001,Primary
5167,183150001,Primary
5168,183200001,Primary
5169,183350001,Billing
5170,183400001,Collections
5171,69400001,Primary
5172,183600001,Collections
5173,181550001,Collections
5174,27800001,Primary
5175,183650001,Primary
5176,183700001,Primary
5177,183750001,Primary
5181,183850001,Operations Mgr
5182,183950001,Primary
5183,184200001,Primary
5184,166450001,Billing
5185,68600001,Collections
5186,184700001,Ship / Del Appt
5187,184750001,Collections
5189,184800001,Operations Mgr
5190,184800001,Primary
5191,184850001,Primary
5192,184900001,Primary
5193,184950001,Primary
5194,162650001,Collections
5195,185200001,Primary
5196,185550001,Collections
5197,185600001,AR/AP
5198,185750001,Operations Mgr
5199,185800001,Collections
5200,185850001,Collections
5201,185900001,Primary
5202,186100001,Primary
5203,186450001,Collections
5204,186700001,Collections
5205,186750001,Billing
5206,186850001,Primary
5207,187150001,Primary
5208,187200001,Admin:Pics/Docs
5210,187350001,Ship / Del Appt
5211,187400001,Ship / Del Appt
5212,187450001,Primary
5214,187650001,Primary
5215,187650001,Collections
5217,187700001,Primary
5218,187700001,Collections
5220,183800001,Ship / Del Appt
5221,183800001,Admin:Pics/Docs
5222,187800001,Primary
5224,187950001,Ship / Del Appt
5225,188000001,Primary
5226,188050001,Primary
5228,188100001,Primary
5229,188100001,Collections
5234,188250001,Collections
5235,188300001,Primary
5236,188350001,Collections
5237,188500001,Primary
5238,188700001,Primary
5239,188900001,Operations Mgr
5264,188950001,Primary
5265,188950001,Collections
5266,189000001,Primary
5267,189050001,Collections
5269,189300001,Primary
5270,189300001,Collections
5271,189350001,Primary
5276,189500001,Primary
5277,189500001,Collections
5278,189650001,Primary
5279,189850001,Primary
5280,189950001,Primary
5284,190100001,Operations Mgr
5285,190050001,DM
5286,190150001,Freight
5287,190250001,Primary
5288,190400001,Collections
5289,190450001,Primary
5290,190700001,Billing
5292,190850001,Billing
5293,190900001,Primary
5294,191000001,Primary
5295,191100001,Primary
5296,191150001,Primary
5297,191200001,Collections
5298,191350001,Primary
5299,191400001,Ship / Del Appt
5301,192050001,Primary
5302,192100001,Collections
5303,192150001,Primary
5304,192200001,Ship / Del Appt
5305,192250001,Primary
5306,192350001,Primary
5307,192400001,Primary
5308,192500001,Primary
5309,192550001,Primary
5310,192600001,Primary
5311,192650001,Primary
5312,192700001,Collections
5313,192750001,Primary
5314,192850001,Sales
5315,192900001,Primary
5316,192950001,Collections
5317,193000001,Collections
5318,193050001,Billing
5319,193100001,Admin:Pics/Docs
5320,193100001,DM Assistant
5321,193100001,RR
5322,193100001,Billing
5323,193150001,Billing
5324,193400001,Primary
5325,193450001,Primary
5326,193600001,Primary
5327,193750001,Collections
5329,193900001,Admin:Pics/Docs
5334,189400001,Collections
5335,189400001,Primary
5338,193950001,Primary
5340,194000001,Primary
5341,194000001,Collections
5342,86300001,Primary
5343,194100001,Collections
5344,194150001,Primary
5345,194200001,Billing
5346,194250001,Primary
5347,194300001,Freight
5348,194300001,Ship / Del Appt
5349,48150001,Freight
5350,194350001,AR/AP
5351,194500001,Primary
5353,194550001,Collections
5354,194650001,Collections
5355,194700001,Primary
5356,194750001,AR/AP
5357,194750001,Collections
5358,194750001,Ship / Del Appt
5359,194800001,Primary
5360,195300001,Primary
5364,195450001,Collections
5365,195650001,Primary
5366,195700001,Primary
5367,195750001,Primary
5369,195950001,Primary
5370,195950001,Collections
5371,196000001,Collections
5372,196050001,Primary
5373,196100001,Primary
5374,196150001,Primary
5375,196200001,Collections
5376,196250001,Primary
5377,196300001,Primary
5378,196350001,Collections
5379,196750001,Collections
5380,196800001,Primary
5381,196950001,Primary
5382,151650001,AR/AP
5383,170750001,Billing
5384,197500001,Primary
5385,197700001,Collections
5386,197750001,Primary
5387,65550001,Billing
5388,65550001,Collections
5389,198000001,Primary
5390,198100001,Primary
5391,198200001,Collections
5392,198250001,Primary
5393,179700001,Primary
5394,179750001,Collections
5395,198400001,Primary
5396,198700001,Primary
5399,198900001,Primary
5401,199000001,Ship / Del Appt
5402,199050001,Primary
5403,199100001,Collections
5404,199150001,Primary
5405,199250001,Primary
5406,199450001,Primary
5407,199500001,Primary
5408,199600001,Primary
5411,95700001,Collections
5412,199650001,Primary
5413,198800001,AR/AP
5414,199800001,Primary
5415,200000001,Primary
5416,200050001,Collections
5418,200100001,Collections
5419,200200001,Collections
5420,200250001,Collections
5421,200300001,Primary
5422,200350001,Primary
5423,200400001,Collections
5424,200550001,Primary
5425,200600001,Collections
5427,200750001,Primary
5428,200750001,Collections
5429,200800001,Collections
5430,190750001,Primary
5431,200850001,Primary
5433,201050001,Primary
5434,201100001,Collections
5435,201300001,Primary
5436,201400001,Primary
5437,201900001,AR/AP
5438,201950001,Primary
5440,202250001,Primary
5441,202250001,Collections
5442,202300001,Primary
5443,110150001,Primary
5444,202450001,Primary
5445,202500001,Primary
5446,202650001,Primary
5447,202700001,Primary
5448,202750001,Collections
5449,202800001,Primary
5451,202850001,Primary
5452,202850001,Collections
5454,202900001,Primary
5455,202900001,Collections
5456,202950001,Primary
5458,203000001,Primary
5459,203000001,Collections
5460,203050001,Primary
5463,203250001,Primary
5464,203350001,Primary
5465,203500001,Primary
5466,203550001,Primary
5467,203700001,Primary
5469,203800001,Collections
5470,203900001,Primary
5471,203950001,Primary
5473,204000001,Primary
5474,204000001,Collections
5475,204150001,Primary
5476,204450001,Primary
5477,204500001,Primary
5478,204600001,Collections
5479,204650001,Primary
5480,93150001,Collections
5481,204750001,Primary
5482,205050001,Primary
5483,205200001,Primary
5484,205250001,Primary
5485,205650001,Collections
5486,205700001,Primary
5487,205750001,Primary
5488,205900001,Primary
5489,206000001,Primary
5490,206050001,Collections
5491,206300001,Primary
5492,206600001,Collections
5493,206650001,Primary
5494,206700001,Primary
5495,206750001,Primary
5496,206800001,RR
5497,175800001,Ship / Del Appt
5498,175800001,RR
5499,201450001,Ship / Del Appt
5500,203100001,Ship / Del Appt
5501,206850001,Collections
5502,206900001,Primary
5503,206950001,Primary
5504,207200001,Primary
5505,207250001,Collections
5506,207300001,Billing
5508,207350001,Primary
5509,207350001,Collections
5510,207400001,Primary
5511,207550001,Primary
5512,207600001,Billing
5513,207800001,Primary
5514,207950001,Primary
5515,208100001,Primary
5516,208300001,Primary
5517,208350001,Primary
5518,208400001,Primary
5519,208500001,Primary
5521,208700001,Primary
5522,208700001,Collections
5523,125400001,AR/AP
5524,208800001,Primary
5525,208900001,Primary
5526,209150001,Primary
5527,209200001,Primary
5528,209250001,Collections
5529,209350001,Primary
5530,209400001,Primary
5531,209450001,Primary
5532,209500001,Collections
5533,209650001,Collections
5534,209750001,Collections
5535,209800001,Primary
5536,209850001,Collections
5537,210050001,Primary
5538,210100001,Collections
5539,210150001,Primary
5540,210200001,Primary
5542,210400001,Collections
5544,210500001,Collections
5545,210550001,Primary
5546,210600001,Primary
5547,210650001,Primary
5548,210700001,Primary
5549,210750001,Primary
5553,210850001,Admin:Pics/Docs
5554,210850001,Billing
5555,210850001,Collections
5556,210950001,Primary
5557,211050001,Primary
5558,211100001,Primary
5559,211150001,Primary
5560,211300001,Primary
5561,211350001,Primary
5562,211550001,Primary
5563,210450001,Primary
5564,211650001,Primary
5565,211800001,Primary
5566,211900001,Primary
5567,211950001,Primary
5568,212050001,Primary
5569,212350001,Primary
5572,34800001,Primary
5573,83600001,AR/AP
5574,83600001,Collections
5575,212900001,Primary
5576,213000001,Primary
5577,213050001,Primary
5578,213100001,Primary
5579,213150001,Primary
5580,213300001,Primary
5581,213450001,Primary
5582,213500001,Primary
5583,213550001,Collections
5584,213650001,Primary
5585,213700001,Primary
5586,213750001,Primary
5587,213800001,Primary
5588,213850001,Primary
5589,213900001,Primary
5590,214050001,Primary
5591,214150001,Billing
5592,214200001,Primary
5593,214350001,Primary
5594,214400001,Primary
5595,214450001,Primary
5596,214500001,Primary
5597,214550001,Primary
5598,214650001,Primary
5599,214700001,Primary
5600,214800001,Primary
5601,214950001,Collections
5602,215000001,Primary
5603,215200001,Primary
5604,215250001,Primary
5605,215300001,Primary
5606,215350001,Collections
5607,215400001,Collections
5608,215650001,Primary
5609,215700001,Primary
5610,215750001,Primary
5611,215850001,Primary
5612,215900001,Primary
5613,215950001,Collections
5614,216050001,Primary
