LedgerID,CustID,EntryDt,OriginalAmount,CheckNo,Balance,Reference,CurrencyCd,FxAmount,FxBalance,GLAcct,COID,Reversed,Reversed_LedgerID,Deposited,DepositNo,DepositDate,DepositUser,FxRate,BankFees,FXBankFees,BankFee_GPLedgerID,FactorID,FactorGLAcct,ARBatchNo,Notes,TradeType
1041,1114,2019-02-27 00:00:00,10813.75,CK 95982,0,,USD,10813.75,0,10100,0,0,NULL,NULL,NULL,NULL,NULL,1,0,0,NULL,0,            ,1741,,NULL
1042,1786,2019-03-14 00:00:00,291.6,CK 14897,0,,USD,291.6,0,10100,0,0,NULL,NULL,NULL,NULL,NULL,1,0,0,NULL,0,            ,1753,,NULL
1043,1600,2019-03-18 00:00:00,7017.6,CK 79886,0,,USD,7017.6,0,10100,0,0,NULL,NULL,NULL,NULL,NULL,1,0,0,NULL,0,            ,1756,,NULL
1046,1114,2019-04-16 00:00:00,14509.47,ck 96437,0,,USD,14509.47,0,10100,0,0,NULL,NULL,NULL,NULL,NULL,1,0,0,NULL,0,            ,1783,,NULL
1047,1137,2019-06-06 00:00:00,8009.7,CK 667225,0,,USD,8009.7,0,10100,0,0,NULL,NULL,NULL,NULL,NULL,1,0,0,NULL,0,            ,1829,,NULL
1048,1790,2019-06-20 00:00:00,576,ck 14337,57.6,,USD,576,57.6,10100,0,0,NULL,NULL,NULL,NULL,NULL,1,0,0,NULL,0,            ,1843,,NULL
1049,1662,2019-07-10 00:00:00,1800,DEP 7-10-19,0,,USD,1800,0,10100,0,0,NULL,NULL,NULL,NULL,NULL,1,0,0,NULL,0,            ,1861,,NULL
1050,1137,2019-07-16 00:00:00,8591.3,CK 669992,0,,USD,8591.3,0,10100,0,0,NULL,NULL,NULL,NULL,NULL,1,0,0,NULL,0,            ,1868,,NULL
1051,1114,2019-07-26 00:00:00,17810.73,CK 97958,0,,USD,17810.73,0,10100,0,0,NULL,NULL,NULL,NULL,NULL,1,0,0,NULL,0,            ,1881,,NULL
1052,1696,2019-07-10 00:00:00,7036,ACH 7-10-19,0,,USD,7036,0,10100,0,0,NULL,NULL,NULL,NULL,NULL,1,0,0,NULL,0,            ,1914,,NULL
1053,1630,2019-08-23 00:00:00,19966,WIRE8-23-19,0,,USD,19966,0,10100,0,0,NULL,NULL,NULL,NULL,NULL,1,0,0,NULL,0,            ,1916,,NULL
1054,1741,2019-09-10 00:00:00,5555.48,ck 16487,0,,USD,5555.48,0,10100,0,1,NULL,NULL,NULL,NULL,NULL,1,0,0,NULL,0,            ,1934,,NULL
1055,1741,2019-09-10 00:00:00,-5555.48,ck 16487,0,UNDO 1054,USD,-5555.48,0,10100,0,1,1054,NULL,NULL,NULL,NULL,1,0,0,NULL,NULL,NULL,1935,NULL,NULL
1056,1549,2019-09-18 00:00:00,2310.36,CK 713722,0,,USD,2310.36,0,10100,0,0,NULL,NULL,NULL,NULL,NULL,1,0,0,NULL,0,            ,1951,,NULL
1057,1128,2019-09-26 00:00:00,6160.84,CK 45671,0,,USD,6160.84,0,10100,0,0,NULL,NULL,NULL,NULL,NULL,1,0,0,NULL,0,            ,1958,,
1058,1630,2020-01-13 00:00:00,43901.39,ACH01-13-20,0,,USD,43901.39,0,10100,0,0,NULL,NULL,NULL,NULL,NULL,1,0,0,NULL,0,            ,2102,,
1060,1137,2020-01-23 00:00:00,11531.9,CK 6809,0,,USD,11531.9,0,10100,0,0,NULL,NULL,NULL,NULL,NULL,1,0,0,NULL,0,            ,2115,,
1061,1630,2020-03-10 00:00:00,46460.18,avj03-10-20,0,,USD,46460.18,0,10100,0,0,NULL,NULL,NULL,NULL,NULL,1,0,0,NULL,0,            ,2172,,
1062,1114,2020-04-10 00:00:00,8246.98,ck 101371,0,,USD,8246.98,0,10100,0,0,NULL,NULL,NULL,NULL,NULL,1,0,0,NULL,0,            ,2205,,
1068,2044,2020-05-08 00:00:00,52853,ACH05-08-20,0,,USD,52853,0,10100,0,0,NULL,NULL,NULL,NULL,NULL,1,0,0,NULL,0,            ,2250,,
1069,1869,2020-06-11 00:00:00,21973.32,ACH06-11-20,11.6,,USD,21973.32,11.6,10100,0,0,NULL,NULL,NULL,NULL,NULL,1,0,0,NULL,0,            ,2285,,
1074,1137,2020-07-30 00:00:00,4062.54,CK 689358,0,,USD,4062.54,0,10100,0,0,NULL,NULL,NULL,NULL,NULL,1,0,0,NULL,0,            ,2344,,
1083,1466,2020-09-11 00:00:00,4748.23,CK 10183,78.4,,USD,4748.23,78.4,10100,0,0,NULL,NULL,NULL,NULL,NULL,1,0,0,NULL,0,            ,2392,,
1084,2039,2020-09-11 00:00:00,1902.5,wir091120,0,,USD,1902.5,0,10100,0,1,NULL,NULL,NULL,NULL,NULL,1,0,0,NULL,0,            ,2396,,
1088,2039,2020-09-24 00:00:00,-1003.75,wir091120,0,UNDO 1084,USD,-1003.75,0,10100,0,1,1084,NULL,NULL,NULL,NULL,1,0,0,NULL,NULL,NULL,2401,NULL,NULL
1089,2107,2020-10-05 00:00:00,2710,ach100520,0,,USD,2710,0,10100,0,1,NULL,NULL,NULL,NULL,NULL,1,0,0,NULL,0,            ,2415,,
1090,2107,2020-10-05 00:00:00,-2710,ach100520,0,UNDO 1089,USD,-2710,0,10100,0,1,1089,NULL,NULL,NULL,NULL,1,0,0,NULL,NULL,NULL,2416,NULL,NULL
1091,1951,2020-10-14 00:00:00,10930.68,ck 016136,4142.07,,USD,10930.68,4142.07,10100,0,0,NULL,NULL,NULL,NULL,NULL,1,0,0,NULL,0,            ,2427,,
1092,1951,2020-10-21 00:00:00,10930.68,CK016136,0,,USD,10930.68,0,10100,0,1,NULL,NULL,NULL,NULL,NULL,1,0,0,NULL,0,            ,2465,,
1093,1951,2020-11-16 00:00:00,-10930.68,CK016136,0,UNDO 1092,USD,-10930.68,0,10100,0,1,1092,NULL,NULL,NULL,NULL,1,0,0,NULL,NULL,NULL,2466,NULL,NULL
1094,1455,2020-11-20 00:00:00,3257.67,ACH112020,0,,USD,3257.67,0,10100,0,0,NULL,NULL,NULL,NULL,NULL,1,0,0,NULL,0,            ,2469,,
1095,1299,2020-11-20 00:00:00,23910.11,WIR112020,0,,USD,23910.11,0,10100,0,0,NULL,NULL,NULL,NULL,NULL,1,0,0,NULL,0,            ,2472,,
1096,1879,2020-11-24 00:00:00,11879,ACH112420,1000,,USD,11879,1000,10100,0,0,NULL,NULL,NULL,NULL,NULL,1,0,0,NULL,0,            ,2479,,
1097,1104,2020-11-27 00:00:00,6486,ACH112720,0,,USD,6486,0,10100,0,0,NULL,NULL,NULL,NULL,NULL,1,0,0,NULL,0,            ,2481,,
1098,1128,2020-11-23 00:00:00,600.08,CK 48497,0,,USD,600.08,0,10100,0,0,NULL,NULL,NULL,NULL,NULL,1,0,0,NULL,0,            ,2487,,
1099,2117,2020-11-24 00:00:00,2450,WIR112420,0.8,,USD,2450,0.8,10100,0,0,NULL,NULL,NULL,NULL,NULL,1,0,0,NULL,0,            ,2505,,
1100,1751,2020-12-15 00:00:00,11000,WIR121520,0,,USD,11000,0,10100,0,0,NULL,NULL,NULL,NULL,NULL,1,0,0,NULL,0,            ,2511,,
1102,2074,2021-01-08 00:00:00,8919.48,ACH010821,8919.48,,USD,8919.48,8919.48,10100,0,0,NULL,NULL,NULL,NULL,NULL,1,0,0,NULL,0,            ,2533,,
1103,1455,2021-01-08 00:00:00,8949.48,ACH010821,11.5,,USD,8949.48,11.5,10100,0,0,NULL,NULL,NULL,NULL,NULL,1,0,0,NULL,0,            ,2534,,
1104,1137,2021-01-21 00:00:00,6714.95,CK 698628,0,,USD,6714.95,0,10100,0,0,NULL,NULL,NULL,NULL,NULL,1,0,0,NULL,0,            ,2551,,
1106,1751,2021-01-25 00:00:00,11000,WIR012521,0,,USD,11000,0,10100,0,1,NULL,NULL,NULL,NULL,NULL,1,0,0,NULL,0,            ,2558,,
1107,1751,2021-01-26 00:00:00,-11000,WIR012521,0,UNDO 1106,USD,-11000,0,10100,0,1,1106,NULL,NULL,NULL,NULL,1,0,0,NULL,NULL,NULL,2560,NULL,NULL
1111,1577,2021-04-09 00:00:00,7616.03,ACH040921,0,,USD,7616.03,0,10100,0,0,NULL,NULL,NULL,NULL,NULL,1,0,0,NULL,0,            ,2636,,
1112,2022,2021-10-13 00:00:00,500,ach101321,-0.003,,USD,500,-0.003,10100,0,0,NULL,NULL,NULL,NULL,NULL,1,0,0,NULL,0,            ,2917,,
1115,1137,2021-12-03 00:00:00,13234.91,ACH120321,0,,USD,13234.91,0,12000,0,0,NULL,NULL,NULL,NULL,NULL,1,0,0,NULL,0,            ,3005,,
1116,1500,2021-12-07 00:00:00,54743.6,ck 1062707,0,,USD,54743.6,0,10100,0,0,NULL,NULL,NULL,NULL,NULL,1,0,0,NULL,0,            ,3012,,
1119,2022,2021-12-15 00:00:00,500,ACH121521,0,,USD,500,0,10100,0,0,NULL,NULL,NULL,NULL,NULL,1,0,0,NULL,0,            ,3031,,
1121,1455,2021-12-20 00:00:00,6392.58,ACH122021,0,,USD,6392.58,0,10100,0,0,NULL,NULL,NULL,NULL,NULL,1,0,0,NULL,0,            ,3041,,
1122,1455,2021-12-24 00:00:00,9048.16,ACH122421,0,,USD,9048.16,0,10100,0,0,NULL,NULL,NULL,NULL,NULL,1,0,0,NULL,0,            ,3054,,
1123,1577,2022-01-14 00:00:00,28833.75,ach011422,0,,USD,28833.75,0,10100,0,0,NULL,NULL,NULL,NULL,NULL,1,0,0,NULL,0,            ,3083,,
1124,1455,2022-01-14 00:00:00,17556.66,ACH011422,621.88,,USD,17556.66,621.88,10100,0,0,NULL,NULL,NULL,NULL,NULL,1,0,0,NULL,0,            ,3087,,
1125,1474,2022-02-11 00:00:00,44057.01,ach021022,0,,USD,44057.01,0,10100,0,0,NULL,NULL,NULL,NULL,NULL,1,0,0,NULL,0,            ,3144,,
1126,1775,2022-02-22 00:00:00,646.51,ach022222,0,,USD,646.51,0,10100,0,0,NULL,NULL,NULL,NULL,NULL,1,0,0,NULL,0,            ,3170,,
1127,1455,2022-02-25 00:00:00,14386.98,ACH022522,69,,USD,14386.98,69,10100,0,0,NULL,NULL,NULL,NULL,NULL,1,0,0,NULL,0,            ,3196,,
1128,1577,2022-03-18 00:00:00,13864.93,ACH031822,150,,USD,13864.93,150,10100,0,0,NULL,NULL,NULL,NULL,NULL,1,0,0,NULL,0,            ,3225,,
1129,1455,2022-03-18 00:00:00,17814.16,ACH031822,0,,USD,17814.16,0,10100,0,0,NULL,NULL,NULL,NULL,NULL,1,0,0,NULL,0,            ,3238,,
1130,1114,2022-03-31 00:00:00,14018,CK 062378,0,,USD,14018,0,10100,0,0,NULL,NULL,NULL,NULL,NULL,1,0,0,NULL,0,            ,3258,,
1133,1114,2022-04-13 00:00:00,12285.2,CK 062499,0,,USD,12285.2,0,10100,0,0,NULL,NULL,NULL,NULL,NULL,1,0,0,NULL,0,            ,3287,,
1134,2044,2022-04-22 00:00:00,55348.5,ACH042222,0,,USD,55348.5,0,10100,0,1,NULL,NULL,NULL,NULL,NULL,1,0,0,NULL,0,            ,3308,,
1135,2044,2022-04-29 00:00:00,-0.05,ACH042222,0,UNDO 1134,USD,-0.05,0,10100,0,1,1134,NULL,NULL,NULL,NULL,1,0,0,NULL,NULL,NULL,3322,NULL,NULL
1136,1114,2022-05-10 00:00:00,32346.9,ck 62638,0,,USD,32346.9,0,10100,0,0,NULL,NULL,NULL,NULL,NULL,1,0,0,NULL,0,            ,3356,,
1138,1326,2022-06-15 00:00:00,363.31,ACH061522,0,,USD,363.31,0,10100,0,0,NULL,NULL,NULL,NULL,NULL,1,0,0,NULL,0,            ,3458,,
1139,1326,2022-06-15 00:00:00,331.75,ACH061522,0,,USD,331.75,0,10100,0,0,NULL,NULL,NULL,NULL,NULL,1,0,0,NULL,0,            ,3459,,
1141,2044,2022-06-13 00:00:00,7464,ACH061322,5428,,USD,7464,5428,10100,0,0,NULL,NULL,NULL,NULL,NULL,1,0,0,NULL,0,            ,3462,,
1142,1114,2022-07-13 00:00:00,47252.6,CK 063114,0,,USD,47252.6,0,10100,0,0,NULL,NULL,NULL,NULL,NULL,1,0,0,NULL,0,            ,3539,,
1143,1455,2022-07-18 00:00:00,3387.2,ACH071822,0,,USD,3387.2,0,10100,0,0,NULL,NULL,NULL,NULL,NULL,1,0,0,NULL,0,            ,3563,,
1145,1326,2022-09-15 00:00:00,1200,DEP091522,0,,USD,1200,0,10100,0,0,NULL,NULL,NULL,NULL,NULL,1,0,0,NULL,0,            ,3691,,
1146,2316,2022-09-19 00:00:00,4200,ACH091922,0,,USD,4200,0,10100,0,0,NULL,NULL,NULL,NULL,NULL,1,0,0,NULL,0,            ,3699,,
1153,2316,2022-10-07 00:00:00,14200,WIR100722,0,,USD,14200,0,10100,0,0,NULL,NULL,NULL,NULL,NULL,1,0,0,NULL,0,            ,3728,,
1154,2316,2022-11-09 00:00:00,3800,ach110922,0,,USD,3800,0,10100,0,0,NULL,NULL,NULL,NULL,NULL,1,0,0,NULL,0,            ,3787,,
1159,1137,2022-12-02 00:00:00,15772,ACH120222,0,,USD,15772,0,10100,0,0,NULL,NULL,NULL,NULL,NULL,1,0,0,NULL,0,            ,3824,,
1160,2316,2023-01-10 00:00:00,6800,ACH011023,70.2,,USD,6800,70.2,10100,0,0,NULL,NULL,NULL,NULL,NULL,1,0,0,NULL,0,            ,3873,,
1161,1649,2023-01-12 00:00:00,5746.7,CK 16845,0,,USD,5746.7,0,10100,0,0,NULL,NULL,NULL,NULL,NULL,1,0,0,NULL,0,            ,3876,,
1169,2316,2023-01-20 00:00:00,6400,ACH012023,12.4,,USD,6400,12.4,10100,0,0,NULL,NULL,NULL,NULL,NULL,1,0,0,NULL,0,            ,3891,,
1170,1649,2023-01-23 00:00:00,3902.25,CK 16881,0,,USD,3902.25,0,10100,0,0,NULL,NULL,NULL,NULL,NULL,1,0,0,NULL,0,            ,3892,,
1171,2329,2023-01-25 00:00:00,2200,ACH012523,0,,USD,2200,0,10100,0,0,NULL,NULL,NULL,NULL,NULL,1,0,0,NULL,0,            ,3904,,
1172,2329,2023-01-25 00:00:00,2000,ach012523,0,,USD,2000,0,10100,0,0,NULL,NULL,NULL,NULL,NULL,1,0,0,NULL,0,            ,3905,,
1173,2316,2023-03-01 00:00:00,6400,ACH030123,3246.4,,USD,6400,3246.4,10100,0,0,NULL,NULL,NULL,NULL,NULL,1,0,0,NULL,0,            ,3955,,
1174,1405,2023-03-01 00:00:00,9491.08,CK 64599,0,,USD,9491.08,0,10100,0,0,NULL,NULL,NULL,NULL,NULL,1,0,0,NULL,0,            ,3960,,
1175,1649,2023-02-23 00:00:00,366,CK 17014,0,,USD,366,0,10100,0,0,NULL,NULL,NULL,NULL,NULL,1,0,0,NULL,0,            ,3963,,
1176,1455,2023-03-17 00:00:00,22608.18,ACH031723,0,,USD,22608.18,0,10100,0,1,NULL,NULL,NULL,NULL,NULL,1,0,0,NULL,0,            ,3989,,
1177,1455,2023-03-21 00:00:00,-22608.18,ACH031723,0,UNDO 1176,USD,-22608.18,0,10100,0,1,1176,NULL,NULL,NULL,NULL,1,0,0,NULL,NULL,NULL,3990,NULL,NULL
1178,1405,2023-03-17 00:00:00,6444,ACH031723,0,,USD,6444,0,10100,0,0,NULL,NULL,NULL,NULL,NULL,1,0,0,NULL,0,            ,3993,,
1179,1199,2023-03-30 00:00:00,10679.6,ACH033023,0,,USD,10679.6,0,10100,0,0,NULL,NULL,NULL,NULL,NULL,1,0,0,NULL,0,            ,4007,,
1184,2390,2023-05-08 00:00:00,3200,ACH050823,73.6,,USD,3200,73.6,10100,0,0,NULL,NULL,NULL,NULL,NULL,1,0,0,NULL,0,            ,4072,,
1185,1114,2023-05-11 00:00:00,72967.5,CK 064704,0,,USD,72967.5,0,10100,0,0,NULL,NULL,NULL,NULL,NULL,1,0,0,NULL,0,            ,4077,,
1186,2390,2023-05-15 00:00:00,3200,ACG051523,0,,USD,3200,0,10100,0,0,NULL,NULL,NULL,NULL,NULL,1,0,0,NULL,0,            ,4089,,
1187,2390,2023-05-10 00:00:00,2800,ACH051023,0,,USD,2800,0,10100,0,0,NULL,NULL,NULL,NULL,NULL,1,0,0,NULL,0,            ,4090,,
1200,2354,2023-10-20 00:00:00,3524.95,ACH102023,0,,USD,3524.95,0,10100,0,0,NULL,NULL,NULL,NULL,RT          ,1,0,0,NULL,0,            ,4306,,
1202,1565,2023-11-06 00:00:00,7836.1,CK 3940,1916.8,,USD,7836.1,1916.8,10100,0,0,NULL,NULL,NULL,NULL,RT          ,1,0,0,NULL,0,            ,4334,,
1203,2418,2023-11-20 00:00:00,390,CK 6133,0,,USD,390,0,10100,0,0,NULL,NULL,NULL,NULL,RT          ,1,0,0,NULL,0,            ,4346,,
1209,2354,2023-12-15 00:00:00,493.2,ach121523,54.8,,USD,493.2,54.8,10100,0,0,NULL,NULL,NULL,NULL,RT          ,1,0,0,NULL,0,            ,4395,,
1210,2417,2023-12-29 00:00:00,5865,ACH122923,0,,USD,5865,0,10100,0,0,NULL,NULL,NULL,NULL,RT          ,1,0,0,NULL,0,            ,4416,,
1211,2454,2024-02-22 00:00:00,3000,WIR022224,0,,USD,3000,0,10100,0,0,NULL,NULL,NULL,NULL,RT          ,1,0,0,NULL,0,            ,4492,,
1213,2454,2024-03-04 00:00:00,2127,ACH030424,0,,USD,2127,0,10100,0,0,NULL,NULL,NULL,NULL,RT          ,1,0,0,NULL,0,            ,4512,,
1214,2454,2024-03-08 00:00:00,2040,ACH030824,0,,USD,2040,0,10100,0,0,NULL,NULL,NULL,NULL,RT          ,1,0,0,NULL,0,            ,4524,,
1222,2316,2024-04-08 00:00:00,1600,ACH040824,0,,USD,1600,0,10100,0,0,NULL,NULL,NULL,NULL,RT          ,1,0,0,NULL,0,            ,4623,,
1223,2316,2024-04-09 00:00:00,1600,ACH040924,0,,USD,1600,0,10100,0,0,NULL,NULL,NULL,NULL,RT          ,1,0,0,NULL,0,            ,4624,,
1224,2316,2024-04-11 00:00:00,6600,ACH041124,1000,,USD,6600,1000,10100,0,0,NULL,NULL,NULL,NULL,RT          ,1,0,0,NULL,0,            ,4625,,
1225,2478,2024-04-17 00:00:00,7000,ACH041724,0,,USD,7000,0,10100,0,0,NULL,NULL,NULL,NULL,RT          ,1,0,0,NULL,0,            ,4632,,
1237,2418,2024-06-28 00:00:00,300,CK 7437,0,,USD,300,0,10100,0,0,NULL,NULL,NULL,NULL,RT          ,1,0,0,NULL,0,            ,4798,,
1239,2316,2024-07-12 00:00:00,3465.1,ACH071224,0,,USD,3465.1,0,10100,0,0,NULL,NULL,NULL,NULL,RT          ,1,0,0,NULL,0,            ,4822,,
1240,2316,2024-07-17 00:00:00,3000,ACH071724,0,,USD,3000,0,10100,0,0,NULL,NULL,NULL,NULL,RT          ,1,0,0,NULL,0,            ,4831,,
1241,2316,2024-07-19 00:00:00,2947,ACH071924,0,,USD,2947,0,10100,0,0,NULL,NULL,NULL,NULL,RT          ,1,0,0,NULL,0,            ,4835,,
1242,2316,2024-07-25 00:00:00,2400,ACH072524,0,,USD,2400,0,10100,0,0,NULL,NULL,NULL,NULL,RT          ,1,0,0,NULL,0,            ,4849,,
1243,2316,2024-07-26 00:00:00,11548.6,ACH072624,0,,USD,11548.6,0,10100,0,0,NULL,NULL,NULL,NULL,RT          ,1,0,0,NULL,0,            ,4850,,
1244,2418,2024-07-31 00:00:00,1465,CK 7661,300,,USD,1465,300,10100,0,0,NULL,NULL,NULL,NULL,RT          ,1,0,0,NULL,0,            ,4864,,
1245,2316,2024-08-14 00:00:00,19399.3,ACH081424,0,,USD,19399.3,0,10100,0,0,NULL,NULL,NULL,NULL,RT          ,1,0,0,NULL,0,            ,4894,,
1249,2522,2024-08-30 00:00:00,1698,CK 11066,0,,USD,1698,0,10100,0,0,NULL,NULL,NULL,NULL,RT          ,1,0,0,NULL,0,            ,4938,,
1250,1215,2024-09-18 00:00:00,2802.77,ACH091824,250,,USD,2802.77,250,10100,0,0,NULL,NULL,NULL,NULL,RT          ,1,0,0,NULL,0,            ,4983,,
1271,2326,2024-11-20 00:00:00,1541,ACH112024,0,,USD,1541,0,10100,0,0,NULL,NULL,NULL,NULL,RT          ,1,0,0,NULL,0,            ,5099,,
1272,2354,2024-11-25 00:00:00,1260,CK 38920,0,ERROR PYMT,USD,1260,0,10100,0,1,NULL,NULL,NULL,NULL,RT          ,1,0,0,NULL,0,            ,5106,,
1274,2106,2024-12-04 00:00:00,4000,CASH,0,,USD,4000,0,10100,0,0,NULL,NULL,NULL,NULL,RT          ,1,0,0,NULL,0,            ,5136,,
1275,1137,2025-01-03 00:00:00,24587.51,ACH010325,0,,USD,24587.51,0,10100,0,0,NULL,NULL,NULL,NULL,RT          ,1,0,0,NULL,0,            ,5179,,
1277,1577,2025-01-13 00:00:00,10878.66,ACH011025,10878.66,,USD,10878.66,10878.66,10100,0,0,NULL,NULL,NULL,NULL,RT          ,1,0,0,NULL,0,            ,5190,,
1278,2316,2025-01-13 00:00:00,12824.9,ACH011325,0,,USD,12824.9,0,10100,0,0,NULL,NULL,NULL,NULL,RT          ,1,0,0,NULL,0,            ,5193,,
1281,2316,2025-02-12 00:00:00,2800,ACH021025,0,,USD,2800,0,10100,0,0,NULL,NULL,NULL,NULL,RT          ,1,0,0,NULL,0,            ,5239,,
1282,2316,2025-02-18 00:00:00,1376.2,ACH021825,0,,USD,1376.2,0,10100,0,0,NULL,NULL,NULL,NULL,RT          ,1,0,0,NULL,0,            ,5254,,
1283,1137,2025-02-14 00:00:00,6991.46,ACH021425,0,,USD,6991.46,0,10100,0,0,NULL,NULL,NULL,NULL,RT          ,1,0,0,NULL,0,            ,5256,,
1284,2354,2025-02-19 00:00:00,-1260,CK 38920,0,UNDO 1272,USD,-1260,0,10100,0,1,1272,NULL,NULL,NULL,NULL,1,0,0,NULL,NULL,NULL,5260,NULL,NULL
1285,2316,2025-02-26 00:00:00,6736.3,ACH022625,0,,USD,6736.3,0,10100,0,0,NULL,NULL,NULL,NULL,RT          ,1,0,0,NULL,0,            ,5276,,
1286,1137,2025-02-28 00:00:00,12465.04,ACH022825,0,,USD,12465.04,0,12000,0,0,NULL,NULL,NULL,NULL,RT          ,1,0,0,NULL,0,            ,5290,,
1289,2316,2025-03-19 00:00:00,7600,ACH031925,0,,USD,7600,0,10100,0,0,NULL,NULL,NULL,NULL,RT          ,1,0,0,NULL,0,            ,5321,,
1292,2252,2025-04-07 00:00:00,3985,CK 2567,235,,USD,3985,235,10100,0,0,NULL,NULL,NULL,NULL,RT          ,1,0,0,NULL,0,            ,5365,,
1293,1137,2025-04-11 00:00:00,17879.93,ACH041125,0,,USD,17879.93,0,10100,0,0,NULL,NULL,NULL,NULL,RT          ,1,0,0,NULL,0,            ,5382,,
1294,1108,2025-04-21 00:00:00,204,CK 217542,204,,USD,204,204,10200,0,0,NULL,NULL,NULL,NULL,SA          ,1,0,0,NULL,0,            ,5424,,
1295,1287,2025-04-04 00:00:00,1500,WIR040425,0,,USD,1500,0,10100,0,0,NULL,NULL,NULL,NULL,RT          ,1,0,0,NULL,0,            ,5459,,
1296,1287,2025-04-24 00:00:00,1500,WIR042425,0,,USD,1500,0,10100,0,0,NULL,NULL,NULL,NULL,RT          ,1,0,0,NULL,0,            ,5461,,
1297,2417,2025-05-20 00:00:00,3128,ACH052025,0,,USD,3128,0,10100,0,0,NULL,NULL,NULL,NULL,RT          ,1,0,0,NULL,0,            ,5473,,
1298,1287,2025-05-23 00:00:00,1500,WIR052325,0,,USD,1500,0,10100,0,1,NULL,NULL,NULL,NULL,RT          ,1,0,0,NULL,0,            ,5489,,
1299,1287,2025-05-28 00:00:00,1500,WIR052825,0,,USD,1500,0,10100,0,1,NULL,NULL,NULL,NULL,RT          ,1,0,0,NULL,0,            ,5490,,
1304,1287,2025-06-25 00:00:00,-1500,WIR052325,0,UNDO 1298,USD,-1500,0,10100,0,1,1298,NULL,NULL,NULL,NULL,1,0,0,NULL,NULL,NULL,5534,NULL,NULL
1305,1287,2025-06-25 00:00:00,-1500,WIR052825,0,UNDO 1299,USD,-1500,0,10100,0,1,1299,NULL,NULL,NULL,NULL,1,0,0,NULL,NULL,NULL,5535,NULL,NULL
1306,1539,2025-05-23 00:00:00,1500,ACH052325,0,,USD,1500,0,10100,0,0,NULL,NULL,NULL,NULL,RT          ,1,0,0,NULL,0,            ,5536,,
1307,1539,2025-05-28 00:00:00,1500,ACH052825,0,,USD,1500,0,10100,0,0,NULL,NULL,NULL,NULL,RT          ,1,0,0,NULL,0,            ,5537,,
1308,1539,2025-06-20 00:00:00,1500,ACH062025,0,,USD,1500,0,10100,0,0,NULL,NULL,NULL,NULL,RT          ,1,0,0,NULL,0,            ,5540,,
1309,1137,2025-07-03 00:00:00,4778.9,ACH070325,0,,USD,4778.9,0,10100,0,0,NULL,NULL,NULL,NULL,RT          ,1,0,0,NULL,0,            ,5575,,
1310,2420,2025-06-30 00:00:00,2000,CK 456,37.7,,USD,2000,37.7,10100,0,0,NULL,NULL,NULL,NULL,RT          ,1,0,0,NULL,0,            ,5591,,
1311,1114,2025-07-14 00:00:00,49363.9,CK 127636,0,,USD,49363.9,0,10100,0,0,NULL,NULL,NULL,NULL,RT          ,1,0,0,NULL,0,            ,5603,,
1312,2316,2025-07-18 00:00:00,12026.5,ACH071825,0,,USD,12026.5,0,10100,0,0,NULL,NULL,NULL,NULL,RT          ,1,0,0,NULL,0,            ,5609,,
1313,1539,2025-07-24 00:00:00,1250,ACH072425,0,,USD,1250,0,10100,0,0,NULL,NULL,NULL,NULL,RT          ,1,0,0,NULL,0,            ,5621,,
1314,1114,2025-08-08 00:00:00,1381.2,CK127985,0,,USD,1381.2,0,10100,0,0,NULL,NULL,NULL,NULL,RT          ,1,0,0,NULL,0,            ,5635,,
1315,1539,2025-08-12 00:00:00,1500,ACH080425,0,,USD,1500,0,10100,0,0,NULL,NULL,NULL,NULL,RT          ,1,0,0,NULL,0,            ,5640,,
1316,1539,2025-08-14 00:00:00,1500,ACH081425,0,,USD,1500,0,10100,0,0,NULL,NULL,NULL,NULL,RT          ,1,0,0,NULL,0,            ,5654,,
1317,1539,2025-08-21 00:00:00,1500,ACH082125,0,,USD,1500,0,10100,0,0,NULL,NULL,NULL,NULL,RT          ,1,0,0,NULL,0,            ,5655,,
1318,2316,2025-08-15 00:00:00,15762.4,ACH081525,0,,USD,15762.4,0,10100,0,0,NULL,NULL,NULL,NULL,RT          ,1,0,0,NULL,0,            ,5661,,
1319,1630,2025-08-25 00:00:00,15000,ACH081925,0,,USD,15000,0,10100,0,0,NULL,NULL,NULL,NULL,RT          ,1,0,0,NULL,0,            ,5662,,
1320,1539,2025-08-28 00:00:00,1500,ACH082825,0,,USD,1500,0,10100,0,0,NULL,NULL,NULL,NULL,RT          ,1,0,0,NULL,0,            ,5685,,
1321,1111,2025-09-05 00:00:00,2330,ACH090525,0,,USD,2330,0,10100,0,0,NULL,NULL,NULL,NULL,RT          ,1,0,0,NULL,0,            ,5692,,
1322,1111,2025-09-12 00:00:00,2271.5,ACH091225,0,,USD,2271.5,0,10100,0,0,NULL,NULL,NULL,NULL,RT          ,1,0,0,NULL,0,            ,5717,,
1323,1539,2025-09-15 00:00:00,1500,WIR091525,0,,USD,1500,0,10100,0,0,NULL,NULL,NULL,NULL,RT          ,1,0,0,NULL,0,            ,5728,,
1324,1137,2025-09-22 00:00:00,5495.16,ACH091925,0,,USD,5495.16,0,10100,0,0,NULL,NULL,NULL,NULL,RT          ,1,0,0,NULL,0,            ,5733,,
1326,1539,2025-09-23 00:00:00,1500,ACH092325,0,,USD,1500,0,10100,0,0,NULL,NULL,NULL,NULL,RT          ,1,0,0,NULL,0,            ,5751,,
1327,2041,2025-10-30 00:00:00,2419.64,CK 7570,0,,USD,2419.64,0,10100,0,0,NULL,NULL,NULL,NULL,RT          ,1,0,0,NULL,0,            ,5801,,
1328,1114,2026-01-06 00:00:00,12370,CK 129408,345.8,,USD,12370,345.8,10100,0,0,NULL,NULL,NULL,NULL,RT          ,1,0,0,NULL,0,            ,5894,,
1329,2442,2026-01-07 00:00:00,11555.34,ACH010726,0,,USD,11555.34,0,10100,0,1,NULL,NULL,NULL,NULL,RT          ,1,0,0,NULL,0,            ,5912,,
1330,2442,2026-01-16 00:00:00,-11555.34,ACH010726,0,UNDO 1329,USD,-11555.34,0,10100,0,1,1329,NULL,NULL,NULL,NULL,1,0,0,NULL,NULL,NULL,5917,NULL,NULL
1331,1111,2026-02-06 00:00:00,2284,ACH020626,0,,USD,2284,0,10100,0,0,NULL,NULL,NULL,NULL,RT          ,1,0,0,NULL,0,            ,5947,,
1332,2582,2026-02-18 00:00:00,15920,ACH021826,0,,USD,15920,0,10100,0,0,NULL,NULL,NULL,NULL,RT          ,1,0,0,NULL,0,            ,5956,,
1333,2454,2026-03-03 00:00:00,2000,ACH030326,0,,USD,2000,0,10100,0,0,NULL,NULL,NULL,NULL,RT          ,1,0,0,NULL,0,            ,5974,,
1334,1137,2026-04-03 00:00:00,8987,ACH040326,0,,USD,8987,0,10100,0,0,NULL,NULL,NULL,NULL,RT          ,1,0,0,NULL,0,            ,6015,,
1335,2454,2026-05-15 00:00:00,1000,ACH051526,0,,USD,1000,0,10100,0,0,NULL,NULL,NULL,NULL,RT          ,1,0,0,NULL,0,            ,6080,,
1336,2454,2026-03-23 00:00:00,4742,ACH032326,0.7,,USD,4742,0.7,10100,0,0,NULL,NULL,NULL,NULL,RT          ,1,0,0,NULL,0,            ,6086,,
1337,2191,2026-05-15 00:00:00,5084.8,ACH051526,0,,USD,5084.8,0,10100,0,0,NULL,NULL,NULL,NULL,RT          ,1,0,0,NULL,0,            ,6109,,
1338,2191,2026-05-15 00:00:00,5084.8,ACH051526,0,,USD,5084.8,0,10100,0,1,NULL,NULL,NULL,NULL,RT          ,1,0,0,NULL,0,            ,6115,,
1339,2191,2026-05-29 00:00:00,-5084.8,ACH051526,0,UNDO 1338,USD,-5084.8,0,10100,0,1,1338,NULL,NULL,NULL,NULL,1,0,0,NULL,NULL,NULL,6116,NULL,NULL
1340,2354,2026-06-08 00:00:00,22876,ACH060826,0,,USD,22876,0,10100,0,0,NULL,NULL,NULL,NULL,RT          ,1,0,0,NULL,0,            ,6132,,
1341,2454,2026-06-23 00:00:00,198,ACH062326,0.37,,USD,198,0.37,10100,0,0,NULL,NULL,NULL,NULL,RT          ,1,0,0,NULL,0,            ,6154,,
1342,1137,2026-06-18 00:00:00,1653,ACH061826,0,,USD,1653,0,10100,0,0,NULL,NULL,NULL,NULL,RT          ,1,0,0,NULL,0,            ,6156,,
1343,2050,2026-06-30 00:00:00,3970.8,CK 29474,0,,USD,3970.8,0,10100,0,0,NULL,NULL,NULL,NULL,RT          ,1,0,0,NULL,0,            ,6167,,
1344,1137,2026-07-03 00:00:00,3644,ACH070326,0,,USD,3644,0,10100,0,0,NULL,NULL,NULL,NULL,RT          ,1,0,0,NULL,0,            ,6169,,
1346,1405,2026-07-17 00:00:00,5193,CK 10531,0,,USD,5193,0,10100,0,0,NULL,NULL,NULL,NULL,RT          ,1,0,0,NULL,0,            ,6185,,
1347,2582,2026-07-29 00:00:00,14883.76,ACH072926,33.76,,USD,14883.76,33.76,10100,0,0,NULL,NULL,NULL,NULL,RT          ,1,0,0,NULL,0,            ,6200,,
1348,2050,2026-07-30 00:00:00,4519.24,CK 29561,0,,USD,4519.24,0,12000,0,0,NULL,NULL,NULL,NULL,RT          ,1,0,0,NULL,0,            ,6209,,
