TABLE_SCHEMA,TABLE_NAME,ORDINAL_POSITION,COLUMN_NAME,DATA_TYPE,CHARACTER_MAXIMUM_LENGTH
dbo,Address,1,CpID,char,12
dbo,Address,2,Type,char,45
dbo,Address,3,Addr1,varchar,65
dbo,Address,4,Addr2,varchar,100
dbo,Address,5,Addr3,varchar,100
dbo,Address,6,City,varchar,30
dbo,Address,7,Region,varchar,35
dbo,Address,8,PostalCd,varchar,15
dbo,Address,9,Country,varchar,35
dbo,Address,10,InvoiceAddr,char,1
dbo,Address,11,Telephone,varchar,30
dbo,Address,12,Contact,varchar,30
dbo,Address,13,LoadingHours,varchar,50
dbo,Address,14,SpcInstruc,varchar,255
dbo,Address,15,Notes,text,2147483647
dbo,Address,16,WarehouseID,char,12
dbo,Address,17,Fax,varchar,30
dbo,Address,18,RemitToAddress,bit,NULL
dbo,Address,19,Directions,text,2147483647
dbo,Address,20,EDI_ShipToCode,char,16
dbo,Address,21,Email,varchar,150
dbo,Address,22,AvgBaleWtLBS,decimal,NULL
dbo,Address,23,AllocID,int,NULL
dbo,Address,24,SalesTaxCodeID,int,NULL
dbo,Address,25,EDI_ShipFromCode,char,16
dbo,Address,26,PriceRegionID,int,NULL
dbo,Address,27,TaxID,varchar,50
dbo,Address,28,MasterAccountID,varchar,20
dbo,Address,29,ShipVia,varchar,35
dbo,Address,30,ShipTerm,char,50
dbo,Address,31,CRVCertType,char,2
dbo,Address,32,CRVCertNum,varchar,20
dbo,Address,33,AddressID,int,NULL
dbo,Address,34,WarehouseGroup,char,25
dbo,Address,35,FeedUpdate,bit,NULL
dbo,Address,36,InternalFreightCost,money,NULL
dbo,Address,37,AddrLastEdit,timestamp,NULL
dbo,Address,38,BillingEmail,varchar,150
dbo,Address,39,isBillingAddressOnly,int,NULL
dbo,Address,40,BillingAddressType,char,45
dbo,Address,41,County,varchar,25
dbo,Address,42,FuelSurChgSellRate,decimal,NULL
dbo,Address,43,FuelSurChgBuyRate,decimal,NULL
dbo,Address,44,MobilePhone,varchar,30
dbo,Address,45,PricingEmail,varchar,150
dbo,Address,46,AddrUserDefined1,varchar,50
dbo,Address,47,AddrUserDefined2,varchar,50
dbo,Address,48,SharedSavPercent,decimal,NULL
dbo,Address,49,BatchEmailForInvoices,varchar,1000
dbo,Address,50,BatchEmailForPO,varchar,1000
dbo,Address,51,AddrUserDefined3,varchar,50
dbo,Address,52,AddrUserDefined4,varchar,50
dbo,Address,53,AddrUserDefined5,varchar,50
dbo,Address,54,InvoiceNotes,varchar,150
dbo,Address,55,TimeZone,char,2
dbo,Address,56,WeighmasterCertificate,varchar,500
dbo,Contact,1,CT_ID,int,NULL
dbo,Contact,2,FileAs,varchar,200
dbo,Contact,3,ContactNm,varchar,200
dbo,Contact,4,CompanyNm,varchar,200
dbo,Contact,5,CpID,char,12
dbo,Contact,6,Location,char,45
dbo,Contact,7,Email,varchar,300
dbo,Contact,8,PhoneBusiness,varchar,50
dbo,Contact,9,PhoneMobile,varchar,50
dbo,Contact,10,PhoneOther,varchar,50
dbo,Contact,11,IsActive,char,1
dbo,Contact,12,IsFromOutlook,char,1
dbo,Contact,13,Notes,varchar,200
dbo,Contact,14,IsCpContact,bit,NULL
dbo,ContactRoleAssignment,1,CRA_ID,int,NULL
dbo,ContactRoleAssignment,2,CT_ID,int,NULL
dbo,ContactRoleAssignment,3,RoleNm,char,15
dbo,CounterParty,1,CpID,char,12
dbo,CounterParty,2,CompanyNm,nvarchar,65
dbo,CounterParty,3,Role,char,1
dbo,CounterParty,4,BWVendorNo,varchar,25
dbo,CounterParty,5,BWDistAc,varchar,12
dbo,CounterParty,6,GroupNm,char,25
dbo,CounterParty,7,InvoiceNote,varchar,350
dbo,CounterParty,8,Terms,varchar,30
dbo,CounterParty,9,CustSvcRep,char,10
dbo,CounterParty,10,UserNotes,varchar,3500
dbo,CounterParty,11,CreditLimit,money,NULL
dbo,CounterParty,12,APContact,varchar,30
dbo,CounterParty,13,APVoiceNo,varchar,30
dbo,CounterParty,14,ReqReview,char,1
dbo,CounterParty,15,AltRemitInfo,varchar,1500
dbo,CounterParty,16,GLAcct_Other,varchar,12
dbo,CounterParty,17,CurrCode,char,3
dbo,CounterParty,18,ActiveStatus,char,1
dbo,CounterParty,19,TermsCode,char,31
dbo,CounterParty,20,APFaxNo,varchar,30
dbo,CounterParty,21,MinWt,decimal,NULL
dbo,CounterParty,22,MinWtUOM,char,1
dbo,CounterParty,23,SendRcvWtFax,bit,NULL
dbo,CounterParty,24,CommissionRole,char,1
dbo,CounterParty,25,User_CreditCheck,char,10
dbo,CounterParty,26,CreditLimExpDt,datetime,NULL
dbo,CounterParty,27,ShipAddrForInvoice,char,1
dbo,CounterParty,28,FreightType,varchar,25
dbo,CounterParty,29,WebLogin,bit,NULL
dbo,CounterParty,30,WebUserID,varchar,15
dbo,CounterParty,31,WebPassword,varchar,10
dbo,CounterParty,32,IndustryNm,varchar,50
dbo,CounterParty,33,WebSite,varchar,55
dbo,CounterParty,34,SalesTypeID,smallint,NULL
dbo,CounterParty,35,CpLastEdit,timestamp,NULL
dbo,CounterParty,36,SCAC,char,4
dbo,CounterParty,37,EDIVan,char,30
dbo,CounterParty,38,EDIVanID,char,15
dbo,CounterParty,39,EDIVanIDQualifier,char,2
dbo,CounterParty,40,EDIContact,char,60
dbo,CounterParty,41,EDIContactEmail,char,65
dbo,CounterParty,42,ActiveCreditProtocolID,int,NULL
dbo,CounterParty,43,APEMail,varchar,150
dbo,CounterParty,44,AutoFeedAPVoucher,bit,NULL
dbo,CounterParty,45,IsInterCompany,bit,NULL
dbo,CounterParty,46,AvgDSODelay,int,NULL
dbo,CounterParty,47,DistributionMode,char,1
dbo,CounterParty,48,ACHBankName,varchar,45
dbo,CounterParty,49,ACHAcctName,varchar,45
dbo,CounterParty,50,ACHAcctNo,varchar,45
dbo,CounterParty,51,ACHRoutingNo,varchar,45
dbo,CounterParty,52,WebIsAdmin,bit,NULL
dbo,CounterParty,53,MasterAccountID,varchar,20
dbo,CounterParty,54,OurCustNo,varchar,50
dbo,CounterParty,55,UserDefined1,varchar,50
dbo,CounterParty,56,UserDefined2,varchar,50
dbo,CounterParty,57,OnHold,char,1
dbo,CounterParty,58,UserDefined3,varchar,50
dbo,CounterParty,59,UserDefined4,varchar,50
dbo,CounterParty,60,InvoiceType,char,1
dbo,CounterParty,61,BillingCycle,char,10
dbo,CounterParty,62,StatementType,char,1
dbo,CounterParty,63,ReportUOM,char,1
dbo,CounterParty,64,BillOn,char,4
dbo,CounterParty,65,ReverseBilling,bit,NULL
dbo,CounterParty,66,RemitID,int,NULL
dbo,CounterParty,67,BatchPay,bit,NULL
dbo,CounterParty,68,CPSource,varchar,15
dbo,CounterParty,69,PrintPriceLetter,bit,NULL
dbo,CounterParty,70,ForeignLang_CompanyNm,nvarchar,75
dbo,CounterParty,71,ForeignLang_AddressBlock,nvarchar,150
dbo,CounterParty,72,EDIOutStartDt,datetime,NULL
dbo,CounterParty,73,ScaleCheck,bit,NULL
dbo,CounterParty,74,LocationEmailContract,bit,NULL
dbo,CounterParty,75,CommAgentID,char,12
dbo,CounterParty,76,CommGLAcct,varchar,12
dbo,CounterParty,77,CommRate,decimal,NULL
dbo,CounterParty,78,CommRatePer,char,10
dbo,CounterParty,79,CommCurrency,char,3
dbo,CounterParty,80,PaymentDays,smallint,NULL
dbo,CounterParty,81,ForDeptList,varchar,200
dbo,CounterParty,82,RefID1,varchar,20
dbo,CounterParty,83,DBNo,varchar,50
dbo,CounterParty,84,FirstSaleDt,datetime,NULL
dbo,CounterParty,85,RefID2,varchar,20
dbo,CounterParty,86,RefID3,varchar,20
dbo,CounterParty,87,EDIFtpAddress,varchar,150
dbo,CounterParty,88,EDIFtpUserName,varchar,150
dbo,CounterParty,89,EDIFtpPassword,varchar,150
dbo,CounterParty,90,EDIFtpFilePath,varchar,150
dbo,CounterParty,91,EDIMode,char,4
dbo,CounterParty,92,VGMType,char,1
dbo,CounterParty,93,VGMEmail,varchar,500
dbo,CounterParty,94,VGMEmailSubject,varchar,150
dbo,CounterParty,95,PmtFileType,varchar,10
dbo,CounterParty,96,SwiftCode,varchar,12
dbo,CounterParty,97,BankName,varchar,50
dbo,CounterParty,98,IBANNo,varchar,34
dbo,CounterParty,99,ABARouteNo,varchar,15
dbo,CounterParty,100,FeeCd,char,1
dbo,CounterParty,101,ShowInspAlertRcv,bit,NULL
dbo,CounterParty,102,IsModified,bit,NULL
dbo,CounterParty,103,RefID4,varchar,20
dbo,CounterParty,104,CCNumber,varchar,50
dbo,CounterParty,105,CCExp,varchar,7
dbo,CounterParty,106,Is3rdParty,bit,NULL
dbo,GPLedger,1,LedgerID,int,NULL
dbo,GPLedger,2,TradeDt,datetime,NULL
dbo,GPLedger,3,ClosePeriodDt,datetime,NULL
dbo,GPLedger,4,BuySellNo,char,12
dbo,GPLedger,5,Source,char,1
dbo,GPLedger,6,Sale,money,NULL
dbo,GPLedger,7,Cost,money,NULL
dbo,GPLedger,8,GrossProfit,money,NULL
dbo,GPLedger,9,Commission,money,NULL
dbo,GPLedger,10,AdjCpID,char,12
dbo,GPLedger,11,AdjReason,varchar,30
dbo,GPLedger,12,AdjNotes,varchar,2000
dbo,GPLedger,13,AdjType,char,1
dbo,GPLedger,14,AdjPostDt,datetime,NULL
dbo,GPLedger,15,AdjApproved,char,1
dbo,GPLedger,16,AdjCurrencyCd,char,3
dbo,GPLedger,17,AdjFxAmount,money,NULL
dbo,GPLedger,18,GLAcct,varchar,12
dbo,GPLedger,19,GLAcctCR,char,12
dbo,GPLedger,20,ReferrerNo,char,10
dbo,GPLedger,21,AdjPosted,char,1
dbo,GPLedger,22,LotNo,char,25
dbo,GPLedger,23,UserID,char,10
dbo,GPLedger,24,Reversed,bit,NULL
dbo,GPLedger,25,Reversed_LedgerID,int,NULL
dbo,GPLedger,26,APBatchNo,char,15
dbo,GPLedger,27,LastEdit,timestamp,NULL
dbo,GPLedger,28,MiscSPO,varchar,15
dbo,GPLedger,29,MiscCOID,char,2
dbo,GPLedger,30,AdjCompleted,char,1
dbo,GPLedger,31,AdjReqDate,datetime,NULL
dbo,GPLedger,32,MiscTradeType,varchar,25
dbo,GPLedger,33,FromJob,bit,NULL
dbo,GPLedger,34,ExportBatchNo,int,NULL
dbo,GPLedger,35,InternalInterest,money,NULL
dbo,GPLedger,36,FxContractNo,varchar,20
dbo,GPLedger,37,FxContractRate,decimal,NULL
dbo,GPLedger,38,AdjDocTitle,varchar,50
dbo,GPLedger,39,AdjAlternateReasonDesc,varchar,50
dbo,GPLedger,40,AdjCOID,char,2
dbo,GPLedger,41,ReverseBatchNo,int,NULL
dbo,GPLedger,42,AdjSalesTaxAmt,money,NULL
dbo,GPLedger,43,AdjFxSalesTaxAmt,money,NULL
dbo,GPLedger,44,AdjMemoNo,varchar,20
dbo,GPLedger,45,ReferenceID,char,15
dbo,GPLedger,46,AdjWeight,decimal,NULL
dbo,GPLedger,47,AdjWeightUOM,char,1
dbo,GPLedger,48,AdjReportDt,datetime,NULL
dbo,GPLedger,49,CalcGradeID,char,15
dbo,GPLedger,50,CalcUnitType,char,1
dbo,GPLedger,51,ARBatchNo,char,15
dbo,GPLedger,52,FP_MarketPrice,decimal,NULL
dbo,GPLedger,53,FP_Discount,money,NULL
dbo,GPLedger,54,FP_Rate,decimal,NULL
dbo,GPLedger,55,FP_NetPrice,decimal,NULL
dbo,GPLedger,56,FP_NetPriceUOM,char,1
dbo,GPLedger,57,FP_GradeID,char,15
dbo,GPLedger,58,AdjIsAutoPriceAdj,bit,NULL
dbo,GPLedger,59,AdjWksDetailID,int,NULL
dbo,GPLedger,60,AdjApprovedDt,date,NULL
dbo,GPLedger,61,AdjApprovedUserID,char,10
dbo,Payables,1,PayableID,int,NULL
dbo,Payables,2,BuySellNo,char,12
dbo,Payables,3,ItemID,int,NULL
dbo,Payables,4,CpID,char,12
dbo,Payables,5,Amount,money,NULL
dbo,Payables,6,InvoiceNo,varchar,20
dbo,Payables,7,InvoiceDt,datetime,NULL
dbo,Payables,8,RcvDt,datetime,NULL
dbo,Payables,9,Posted,bit,NULL
dbo,Payables,10,ItemIDSource,char,1
dbo,Payables,11,CurrencyCd,char,3
dbo,Payables,12,FxAmount,decimal,NULL
dbo,Payables,13,GLAcct,varchar,12
dbo,Payables,14,ChgBackWks,varchar,12
dbo,Payables,15,SalesTaxCodeID,int,NULL
dbo,Payables,16,SalesTaxAmt,money,NULL
dbo,Payables,17,SalesTaxAmtFX,money,NULL
dbo,Payables,18,IsPettyCash,bit,NULL
dbo,Payables,19,APBatchNo,char,15
dbo,Payables,20,Reversed,bit,NULL
dbo,Payables,21,Reversed_PayableID,int,NULL
dbo,Payables,22,Reference_Date,datetime,NULL
dbo,Payables,23,IsUndo,bit,NULL
dbo,Payables,24,LastEdit,timestamp,NULL
dbo,Payables,25,ExportBatchNo,int,NULL
dbo,Payables,26,ReverseBatchNo,int,NULL
dbo,Payables,27,IsCheck,bit,NULL
dbo,Payables,28,CheckNo,varchar,10
dbo,Payables,29,PettyCashGLAcct,char,12
dbo,Payables,30,BillSheet_IsPosted,bit,NULL
dbo,Payables,31,BillSheet_IsMarked,bit,NULL
dbo,Payables,32,BillSheetID,char,12
dbo,PayablesBatch,1,APBatchNo,varchar,15
dbo,PayablesBatch,2,COID,char,2
dbo,PayablesBatch,3,NumofItems,int,NULL
dbo,PayablesBatch,4,UserID,char,20
dbo,PayablesBatch,5,PostingDt,datetime,NULL
dbo,PayablesBatch,6,FXAmount,money,NULL
dbo,PayablesBatch,7,CurrencyCd,char,3
dbo,PayablesBatch,8,PostedInAccting,bit,NULL
dbo,PayablesBatch,9,Comment,varchar,30
dbo,PayablesBatch,10,APTerms,varchar,30
dbo,PayablesBatch,11,RecordDate,datetime,NULL
dbo,PayablesBatch,12,CpID,char,12
dbo,PayablesBatch,13,InvoiceNo,varchar,20
dbo,PayablesBatch,14,PrePay,bit,NULL
dbo,PayablesBatch,15,ExportBatchNo,int,NULL
dbo,PayablesBatch,16,InvoiceDt,datetime,NULL
dbo,PayablesBatch,17,FxRate,decimal,NULL
dbo,PayablesBatch,18,FxDiscountAmt,money,NULL
dbo,PayablesBatch,19,DoNotExport,bit,NULL
dbo,PayablesBatch,20,DueDate,datetime,NULL
dbo,PayablesBatch,21,ReversedFxAmt,money,NULL
dbo,PayablesBatch,22,ReverseBatchNo,int,NULL
dbo,PrepayLedger,1,PrepayID,int,NULL
dbo,PrepayLedger,2,InvoiceNo,varchar,15
dbo,PrepayLedger,3,VendorID,char,12
dbo,PrepayLedger,4,SONumber,char,15
dbo,PrepayLedger,5,COID,char,2
dbo,PrepayLedger,6,PostDt,datetime,NULL
dbo,PrepayLedger,7,GLAcct,char,12
dbo,PrepayLedger,8,CurrencyCd,char,3
dbo,PrepayLedger,9,Amount,money,NULL
dbo,PrepayLedger,10,FxAmount,money,NULL
dbo,PrepayLedger,11,APBatchNo,varchar,15
dbo,PrepayLedger,12,FxRate,decimal,NULL
dbo,PrepayLedger,13,SalesTaxCodeID,int,NULL
dbo,PrepayLedger,14,SalesTaxAmt,money,NULL
dbo,PrepayLedger,15,SalesTaxAmtFx,money,NULL
dbo,PrepayLedger,16,FxContractNo,char,20
dbo,Receipt,1,ReceiptID,int,NULL
dbo,Receipt,2,BuySellNo,char,12
dbo,Receipt,3,Amount,money,NULL
dbo,Receipt,4,CheckNo,char,15
dbo,Receipt,5,PaymentDt,datetime,NULL
dbo,Receipt,6,EntryDt,datetime,NULL
dbo,Receipt,7,DiscountAmt,money,NULL
dbo,Receipt,8,LedgerID,int,NULL
dbo,Receipt,9,PostingType,char,3
dbo,Receipt,10,Reference,varchar,12
dbo,Receipt,11,CurrencyCd,char,3
dbo,Receipt,12,FxAmount,money,NULL
dbo,Receipt,13,FxDiscount,money,NULL
dbo,Receipt,14,GLAcct,varchar,12
dbo,Receipt,15,BankFees,money,NULL
dbo,Receipt,16,FxBankFees,money,NULL
dbo,Receipt,17,Reversed,bit,NULL
dbo,Receipt,18,Reversed_ReceiptID,int,NULL
dbo,Receipt,19,CurrGainLoss,money,NULL
dbo,Receipt,20,Deposited,bit,NULL
dbo,Receipt,21,DepositNo,char,15
dbo,Receipt,22,DepositDate,datetime,NULL
dbo,Receipt,23,DepositUser,char,12
dbo,Receipt,24,InterestChg,money,NULL
dbo,Receipt,25,FxInterestChg,money,NULL
dbo,Receipt,26,LogDate,datetime,NULL
dbo,Receipt,27,PostUser,char,10
dbo,Receipt,28,FactorID,int,NULL
dbo,Receipt,29,FactorGLAcct,char,12
dbo,Receipt,30,ARBatchNo,char,15
dbo,ReceiptBatch,1,ARBatchNo,char,15
dbo,ReceiptBatch,2,PostType,varchar,15
dbo,ReceiptBatch,3,COID,char,2
dbo,ReceiptBatch,4,NumOfItems,int,NULL
dbo,ReceiptBatch,5,UserID,char,20
dbo,ReceiptBatch,6,PostingDt,datetime,NULL
dbo,ReceiptBatch,7,RecordDate,datetime,NULL
dbo,ReceiptBatch,8,CPID,char,12
dbo,ReceiptBatch,9,CheckNo,varchar,15
dbo,ReceiptBatch,10,Currency,char,3
dbo,ReceiptBatch,11,HcApplyAmt,money,NULL
dbo,ReceiptBatch,12,FxApplyAmt,money,NULL
dbo,ReceiptBatch,13,ExportBatchNo,int,NULL
dbo,ReceiptBatch,14,PostedInAccting,bit,NULL
dbo,ReceiptBatch,15,DoNotExport,bit,NULL
dbo,UACashLedger,1,LedgerID,int,NULL
dbo,UACashLedger,2,CustID,char,12
dbo,UACashLedger,3,EntryDt,datetime,NULL
dbo,UACashLedger,4,OriginalAmount,money,NULL
dbo,UACashLedger,5,CheckNo,char,15
dbo,UACashLedger,6,Balance,money,NULL
dbo,UACashLedger,7,Reference,varchar,12
dbo,UACashLedger,8,CurrencyCd,char,3
dbo,UACashLedger,9,FxAmount,money,NULL
dbo,UACashLedger,10,FxBalance,money,NULL
dbo,UACashLedger,11,GLAcct,varchar,12
dbo,UACashLedger,12,COID,char,2
dbo,UACashLedger,13,Reversed,bit,NULL
dbo,UACashLedger,14,Reversed_LedgerID,int,NULL
dbo,UACashLedger,15,LastEdit,timestamp,NULL
dbo,UACashLedger,16,Deposited,bit,NULL
dbo,UACashLedger,17,DepositNo,char,15
dbo,UACashLedger,18,DepositDate,datetime,NULL
dbo,UACashLedger,19,DepositUser,char,12
dbo,UACashLedger,20,FxRate,decimal,NULL
dbo,UACashLedger,21,BankFees,money,NULL
dbo,UACashLedger,22,FXBankFees,money,NULL
dbo,UACashLedger,23,BankFee_GPLedgerID,int,NULL
dbo,UACashLedger,24,FactorID,int,NULL
dbo,UACashLedger,25,FactorGLAcct,char,12
dbo,UACashLedger,26,ARBatchNo,char,15
dbo,UACashLedger,27,Notes,varchar,500
dbo,UACashLedger,28,TradeType,varchar,25
dbo,WksDelivery,1,ItemID,int,NULL
dbo,WksDelivery,2,BuySellNo,char,12
dbo,WksDelivery,3,VendorID,char,12
dbo,WksDelivery,4,TrailerNo,varchar,30
dbo,WksDelivery,5,DeliveryDt,datetime,NULL
dbo,WksDelivery,6,Cost,money,NULL
dbo,WksDelivery,7,ChgToCustAmt,money,NULL
dbo,WksDelivery,8,InvoiceDesc,varchar,100
dbo,WksDelivery,9,Mileage,int,NULL
dbo,WksDelivery,10,PrintOnInvoice,char,1
dbo,WksDelivery,11,CurrencyCd,char,3
dbo,WksDelivery,12,CurrencyCdCust,char,3
dbo,WksDelivery,13,FxAmount,decimal,NULL
dbo,WksDelivery,14,FxAmountCust,decimal,NULL
dbo,WksDelivery,15,GLAcct,varchar,12
dbo,WksDelivery,16,Manifest,varchar,25
dbo,WksDelivery,17,PrepaidFreight,money,NULL
dbo,WksDelivery,18,PFreightCurCode,char,3
dbo,WksDelivery,19,Price,decimal,NULL
dbo,WksDelivery,20,PricePer,char,10
dbo,WksDelivery,21,PriceCust,decimal,NULL
dbo,WksDelivery,22,PricePerCust,char,10
dbo,WksDelivery,23,DeliveryTime,datetime,NULL
dbo,WksDelivery,24,FxRate,decimal,NULL
dbo,WksDelivery,25,FxContractNo,char,20
dbo,WksDelivery,26,ExpSalesFxRate,decimal,NULL
dbo,WksDelivery,27,ReferenceID,char,15
dbo,WksDelivery,28,DetailID,int,NULL
dbo,WksDelivery,29,IsJobFreightExp,bit,NULL
dbo,WKSDetail,1,DetailID,int,NULL
dbo,WKSDetail,2,BuySellNo,char,12
dbo,WKSDetail,3,GradeID,char,15
dbo,WKSDetail,4,InvoiceDesc,varchar,85
dbo,WKSDetail,5,SWeight,decimal,NULL
dbo,WKSDetail,6,SWeightUOM,char,1
dbo,WKSDetail,7,SPrice,decimal,NULL
dbo,WKSDetail,8,SPriceUOM,char,1
dbo,WKSDetail,9,SAmount,money,NULL
dbo,WKSDetail,10,PPrice,decimal,NULL
dbo,WKSDetail,11,PUOM,char,1
dbo,WKSDetail,12,PAmount,money,NULL
dbo,WKSDetail,13,PWeight,decimal,NULL
dbo,WKSDetail,14,PWeightUOM,char,10
dbo,WKSDetail,15,RejectedSrcBuySellNo,char,12
dbo,WKSDetail,16,SPO_ID,int,NULL
dbo,WKSDetail,17,Specifications,varchar,500
dbo,WKSDetail,18,SCurrencyCd,char,3
dbo,WKSDetail,19,SFxAmount,money,NULL
dbo,WKSDetail,20,PCurrencyCd,char,3
dbo,WKSDetail,21,PFxAmount,money,NULL
dbo,WKSDetail,22,BasisWt,varchar,10
dbo,WKSDetail,23,BasisWtUOM,char,3
dbo,WKSDetail,24,Color,char,10
dbo,WKSDetail,25,Acid_Alkaline,char,4
dbo,WKSDetail,26,InvClass,char,10
dbo,WKSDetail,27,Diameter,varchar,10
dbo,WKSDetail,28,DiameterUOM,char,2
dbo,WKSDetail,29,RollWd,varchar,10
dbo,WKSDetail,30,RollWdUOM,char,2
dbo,WKSDetail,31,CoreSize,decimal,NULL
dbo,WKSDetail,32,Caliper,char,25
dbo,WKSDetail,33,SheetSize,varchar,25
dbo,WKSDetail,34,SheetSizeUOM,char,2
dbo,WKSDetail,35,SheetGrain,char,12
dbo,WKSDetail,36,SealNo,varchar,25
dbo,WKSDetail,37,IsMSF,char,1
dbo,WKSDetail,38,IsPMSF,char,1
dbo,WKSDetail,39,Mill,char,30
dbo,WKSDetail,40,Brand,char,30
dbo,WKSDetail,41,Finish,char,30
dbo,WKSDetail,42,JobLot,bit,NULL
dbo,WKSDetail,43,MWeight,decimal,NULL
dbo,WKSDetail,44,WarehouseLocation,varchar,30
dbo,WKSDetail,45,WarehouseBin,char,20
dbo,WKSDetail,46,DesignatedCpID,char,12
dbo,WKSDetail,47,LinearLen,char,15
dbo,WKSDetail,48,NoSheets,int,NULL
dbo,WKSDetail,49,SPo,char,15
dbo,WKSDetail,50,PPo,char,15
dbo,WKSDetail,51,ForeignID,char,30
dbo,WKSDetail,52,SMSFPrice,float,NULL
dbo,WKSDetail,53,PMSFPrice,float,NULL
dbo,WKSDetail,54,LotNo,char,25
dbo,WKSDetail,55,UnitType,char,1
dbo,WKSDetail,56,Units,decimal,NULL
dbo,WKSDetail,57,RelNo,char,25
dbo,WKSDetail,58,RollNo,char,25
dbo,WKSDetail,59,ContainerNo,char,30
dbo,WKSDetail,60,CoreSizeUOM,char,2
dbo,WKSDetail,61,Condition,char,15
dbo,WKSDetail,62,SheetSizeWd,char,10
dbo,WKSDetail,63,SpeciesID,char,12
dbo,WKSDetail,64,Comment,varchar,150
dbo,WKSDetail,65,LengthUOM,varchar,2
dbo,WKSDetail,66,WoodThickness,varchar,10
dbo,WKSDetail,67,WoodWidth,varchar,10
dbo,WKSDetail,68,WoodSzUOM,char,2
dbo,WKSDetail,69,WoodLength,varchar,10
dbo,WKSDetail,70,WoodLengthUOM,char,2
dbo,WKSDetail,71,WoodGrade,varchar,30
dbo,WKSDetail,72,WoodGrain,varchar,5
dbo,WKSDetail,73,PPO_ID,int,NULL
dbo,WKSDetail,74,GrossMT,decimal,NULL
dbo,WKSDetail,75,AirDryPct,decimal,NULL
dbo,WKSDetail,76,MoisturePct,decimal,NULL
dbo,WKSDetail,77,CRVPrice,decimal,NULL
dbo,WKSDetail,78,CRVPriceUOM,char,1
dbo,WKSDetail,79,CRVWt,decimal,NULL
dbo,WKSDetail,80,CRVWtUOM,char,1
dbo,WKSDetail,81,CRVRefundAmt,money,NULL
dbo,WKSDetail,82,CRVProcFeePrc,decimal,NULL
dbo,WKSDetail,83,CRVProcFeeUOM,char,1
dbo,WKSDetail,84,CRVProcFeeAmt,money,NULL
dbo,WKSDetail,85,CRVUseRefundQty,bit,NULL
dbo,WKSDetail,86,CRVAdminFeeAmt,money,NULL
dbo,WKSDetail,87,DesignatedSONO,char,15
dbo,WKSDetail,88,UseAvgBaleWt,decimal,NULL
dbo,WKSDetail,89,TareWt,decimal,NULL
dbo,WKSDetail,90,TareWtPerUnit,decimal,NULL
dbo,WKSDetail,91,TareWtUnitType,char,1
dbo,WKSDetail,92,TareWtUnits,int,NULL
dbo,WKSDetail,93,TareWt2,decimal,NULL
dbo,WKSDetail,94,TareWtPerUnit2,decimal,NULL
dbo,WKSDetail,95,TareWtUnitType2,char,1
dbo,WKSDetail,96,TareWtUnits2,int,NULL
dbo,WKSDetail,97,GrossWt,decimal,NULL
dbo,WKSDetail,98,MSF,decimal,NULL
dbo,WKSDetail,99,IsPerEachCnv,bit,NULL
dbo,WKSDetail,100,PerEachCnvPrice,money,NULL
dbo,WKSDetail,101,ChkPrinted,bit,NULL
dbo,WKSDetail,102,IsReserved,bit,NULL
dbo,WKSDetail,103,IsReceived,bit,NULL
dbo,WKSDetail,104,IsItemReceived,bit,NULL
dbo,WksDocument,1,DocumentID,int,NULL
dbo,WksDocument,2,DocType,varchar,10
dbo,WksDocument,3,BuySellNo,char,12
dbo,WksDocument,4,CreationDt,datetime,NULL
dbo,WksDocument,5,UserID,char,10
dbo,WksDocument,6,RefFile,char,30
dbo,WksDocument,7,FaxRecipiant,varchar,50
dbo,WksDocument,8,FaxNumber,varchar,20
dbo,WksDocument,9,FaxAttn,varchar,30
dbo,WksDocument,10,FaxDate,datetime,NULL
dbo,WksDocument,11,Field01,varchar,2000
dbo,WksDocument,12,Field02,varchar,255
dbo,WksDocument,13,Field03,varchar,255
dbo,WksDocument,14,Field04,varchar,500
dbo,WksDocument,15,Field05,varchar,255
dbo,WksDocument,16,Field06,varchar,500
dbo,WksDocument,17,Field07,varchar,2000
dbo,WksDocument,18,Field08,varchar,2048
dbo,WksDocument,19,Field09,varchar,2000
dbo,WksDocument,20,Field10,varchar,255
dbo,WksDocument,21,Field11,varchar,2500
dbo,WksDocument,22,Field12,varchar,255
dbo,WksDocument,23,Field13,varchar,550
dbo,WksDocument,24,Field14,varchar,1700
dbo,WksDocument,25,Field15,varchar,500
dbo,WksDocument,26,Field16,varchar,500
dbo,WksDocument,27,Field17,varchar,500
dbo,WksDocument,28,Field18,varchar,2000
dbo,WksDocument,29,Field19,varchar,50
dbo,WksDocument,30,Field20,varchar,6000
dbo,WksDocument,31,Field21,varchar,50
dbo,WksDocument,32,Field22,varchar,2000
dbo,WksDocument,33,Field23,varchar,50
dbo,WksDocument,34,Field24,varchar,50
dbo,WksDocument,35,Field25,varchar,50
dbo,WksDocument,36,Field26,varchar,50
dbo,WksDocument,37,Field27,varchar,50
dbo,WksDocument,38,Field28,varchar,50
dbo,WksDocument,39,Notes,varchar,2000
dbo,WksDocument,40,LastfaxStatus,varchar,15
dbo,WksDocument,41,FaxJob,char,5
dbo,WksDocument,42,LastFaxTime,varchar,15
dbo,WksDocument,43,Field29,varchar,50
dbo,WksDocument,44,Field30,varchar,50
dbo,WksDocument,45,Field31,varchar,60
dbo,WksDocument,46,Field32,varchar,255
dbo,WksDocument,47,Field33,varchar,255
dbo,WksDocument,48,Field34,varchar,2000
dbo,WksDocument,49,Field35,varchar,50
dbo,WksDocument,50,Field36,varchar,50
dbo,WksDocument,51,Field37,varchar,100
dbo,WksDocument,52,Field38,varchar,1024
dbo,WksDocument,53,Field39,varchar,100
dbo,WksDocument,54,Field40,varchar,400
dbo,WksDocument,55,Field41,varchar,50
dbo,WksDocument,56,Field42,varchar,300
dbo,WksDocument,57,Field43,varchar,50
dbo,WksDocument,58,Field44,varchar,50
dbo,WksDocument,59,Field45,varchar,50
dbo,WksDocument,60,Field46,varchar,50